-- phpMyAdmin SQL Dump
-- version 3.4.5
-- http://www.phpmyadmin.net
--
-- Хост: localhost
-- Время создания: Дек 08 2012 г., 13:02
-- Версия сервера: 5.5.16
-- Версия PHP: 5.3.8

SET SQL_MODE="NO_AUTO_VALUE_ON_ZERO";
SET time_zone = "+00:00";


/*!40101 SET @OLD_CHARACTER_SET_CLIENT=@@CHARACTER_SET_CLIENT */;
/*!40101 SET @OLD_CHARACTER_SET_RESULTS=@@CHARACTER_SET_RESULTS */;
/*!40101 SET @OLD_COLLATION_CONNECTION=@@COLLATION_CONNECTION */;
/*!40101 SET NAMES utf8 */;

--
-- База данных: `myprj`
--
CREATE DATABASE `myprj` DEFAULT CHARACTER SET utf8 COLLATE utf8_general_ci;
USE `myprj`;

-- --------------------------------------------------------

--
-- Структура таблицы `catalogs`
--

CREATE TABLE IF NOT EXISTS `catalogs` (
  `catalog_id` int(10) unsigned NOT NULL AUTO_INCREMENT,
  `page_id` int(10) unsigned NOT NULL,
  `title` varchar(255) NOT NULL,
  `name` varchar(255) NOT NULL,
  `parent_catalog_id` int(10) unsigned DEFAULT NULL,
  `sequence` int(10) unsigned NOT NULL,
  PRIMARY KEY (`catalog_id`)
) ENGINE=InnoDB DEFAULT CHARSET=utf8 AUTO_INCREMENT=1 ;

-- --------------------------------------------------------

--
-- Структура таблицы `config`
--

CREATE TABLE IF NOT EXISTS `config` (
  `config_id` int(10) unsigned NOT NULL AUTO_INCREMENT,
  `title` varchar(255) NOT NULL,
  `name` varchar(255) NOT NULL,
  `type` enum('site','module_default','widget_default','page_module','page_widget') NOT NULL DEFAULT 'site',
  `enable` tinyint(1) NOT NULL DEFAULT '0',
  `description` text NOT NULL,
  PRIMARY KEY (`config_id`)
) ENGINE=InnoDB  DEFAULT CHARSET=utf8 AUTO_INCREMENT=170 ;

--
-- Дамп данных таблицы `config`
--

INSERT INTO `config` (`config_id`, `title`, `name`, `type`, `enable`, `description`) VALUES
(119, 'Настройки модуля "Текстовая страница"', 'Page', 'module_default', 1, 'Эта группа настроек отвечает за работу модуля "Текстовая страница"'),
(120, 'Настройки модуля "Публикации"', 'News', 'module_default', 1, 'Эта группа настроек отвечает за работу модуля "Публикации"'),
(121, 'Настройки модуля "Поиск"', 'Search', 'module_default', 1, 'Эта группа настроек отвечает за работу модуля "Поиск"'),
(122, 'Настройки модуля "Обратная связь"', 'Feedback', 'module_default', 1, 'Эта группа настроек отвечает за работу модуля "Обратная связь"'),
(123, 'Настройки модуля "Текстовая страница"', 'Page', 'page_module', 1, 'Эта группа настроек отвечает за работу модуля "Текстовая страница"'),
(124, 'Настройки модуля "Публикации"', 'News', 'page_module', 1, 'Эта группа настроек отвечает за работу модуля "Публикации"'),
(127, 'Главное меню', 'MainMenu', 'widget_default', 1, 'Настройки для виджета "Меню"'),
(129, 'Главное меню', 'MainMenu', 'page_widget', 1, 'Настройки для виджета "Меню"'),
(132, 'Поиск', 'Search', 'widget_default', 1, 'Настройки для виджета "Поиск"'),
(134, 'Поиск', 'Search', 'page_widget', 1, 'Настройки для виджета "Поиск"'),
(138, 'Последние новости', 'News', 'widget_default', 1, 'Настройки для виджета "Последние новости"'),
(142, 'Баннер', 'Banner', 'widget_default', 1, 'Настройки для виджета "Баннер"'),
(143, 'Быстрая регистрация/авторизация через соц. сети', 'Ulogin', 'widget_default', 1, 'Настройки для виджета "Ulogin" - улучшенного аналога Loginza'),
(146, 'Быстрая регистрация/авторизация через соц. сети', 'Ulogin', 'page_widget', 1, 'Настройки для виджета "Ulogin" - улучшенного аналога Loginza'),
(151, 'Настройки модуля "Каталог товаров"', 'Catalog', 'module_default', 1, 'Эта группа настроек отвечает за работу модуля "Каталог товаров"'),
(154, 'Виджет произвольного кода', 'ArbiraryCode', 'widget_default', 1, 'Настройки для виджета "ArbiraryCode" - виджета произвольного кода'),
(159, 'Настройки модуля "Поиск"', 'Search', 'page_module', 1, 'Эта группа настроек отвечает за работу модуля "Поиск"'),
(162, 'Главное меню', 'MainMenu', 'page_widget', 1, 'Настройки для виджета "Меню"'),
(163, 'Поиск', 'Search', 'page_widget', 1, 'Настройки для виджета "Поиск"'),
(164, 'Последние новости', 'News', 'page_widget', 1, 'Настройки для виджета "Последние новости"'),
(165, 'Баннер', 'Banner', 'page_widget', 0, 'Настройки для виджета "Баннер"'),
(166, 'Быстрая регистрация/авторизация через соц. сети', 'Ulogin', 'page_widget', 1, 'Настройки для виджета "Ulogin" - улучшенного аналога Loginza'),
(167, 'Виджет произвольного кода', 'ArbiraryCode', 'page_widget', 1, 'Настройки для виджета "ArbiraryCode" - виджета произвольного кода'),
(168, 'Главное меню', 'MainMenu', 'page_widget', 1, 'Настройки для виджета "Меню"'),
(169, 'Настройки модуля "Каталог товаров"', 'Catalog', 'page_module', 1, 'Эта группа настроек отвечает за работу модуля "Каталог товаров"');

-- --------------------------------------------------------

--
-- Структура таблицы `config_item`
--

CREATE TABLE IF NOT EXISTS `config_item` (
  `config_item_id` int(10) unsigned NOT NULL AUTO_INCREMENT,
  `config_id` int(10) unsigned NOT NULL,
  `name` varchar(255) NOT NULL,
  `title` varchar(255) NOT NULL,
  `value` text NOT NULL,
  `type` enum('string','text','richtext','number') NOT NULL DEFAULT 'string',
  `description` text NOT NULL,
  PRIMARY KEY (`config_item_id`)
) ENGINE=InnoDB  DEFAULT CHARSET=utf8 AUTO_INCREMENT=147 ;

--
-- Дамп данных таблицы `config_item`
--

INSERT INTO `config_item` (`config_item_id`, `config_id`, `name`, `title`, `value`, `type`, `description`) VALUES
(104, 120, 'limit', 'Количество материалов на странице', '2', 'number', 'Этот параметр отвечает за количество\r\n                    отображаемых публикаций на странице'),
(105, 120, 'title_is_link', 'Заголовок в виде ссылки?', 'off', 'string', 'Параметр отвечает за то,\r\n                    будет ли заголовок публикации отображаться в виде ссылки'),
(106, 121, 'results_per_page', 'Количество материалов на странице выдачи', '5', 'number', 'Параметр отвечает за количество\r\n                    материалов в выдаче на странице'),
(107, 122, 'response_text', 'Текст ответа отправителю', '<p>\n	<strong>{$^NAME^$}</strong>, благодарим Вас за обращение</p>\n', 'richtext', 'Параметр отвечает за то, какое сообщение\r\n                    получит пользователь после успешной отправки формы обратной связи.\r\n                    Обратите внимание, что параметр <strong>{$^NAME^$}</strong>\r\n                    будет автоматически заменен\r\n                    на имя, которое пользователь укажет в поле формы "Ваше имя"'),
(108, 124, 'limit', 'Количество материалов на странице', '3', 'number', 'Этот параметр отвечает за количество\r\n                    отображаемых публикаций на странице'),
(109, 124, 'title_is_link', 'Заголовок в виде ссылки?', 'off', 'string', 'Параметр отвечает за то,\r\n                    будет ли заголовок публикации отображаться в виде ссылки'),
(112, 127, 'orientation', 'Ориентация меню', 'horizontal', 'string', 'Параметр задаёт ориентацию меню'),
(114, 129, 'orientation', 'Ориентация меню', 'horizontal', 'string', 'Параметр задаёт ориентацию меню'),
(117, 132, 'button_enable', 'Кнопка включена?', 'yes', 'string', 'Параметр отвечает за отображение кнопки поиска'),
(119, 134, 'button_enable', 'Кнопка включена?', 'yes', 'string', 'Параметр отвечает за отображение кнопки поиска'),
(123, 138, 'limit', 'Количество отображаемых новостей', '5', 'number', 'Параметр задаёт количество отображаемых новостей в виджете'),
(127, 142, 'banner_code', 'Код баннера', '<p>\n	<object classid="clsid:d27cdb6e-ae6d-11cf-96b8-444553540000" codebase="http://download.macromedia.com/pub/shockwave/cabs/flash/swflash.cab#version=6,0,40,0" height="60" width="468"><param name="quality" value="high" /><param name="movie" value="/media/kcfinder/upload/flash/banners/kupi_468_60.swf" /><embed height="60" pluginspage="http://www.macromedia.com/go/getflashplayer" quality="high" src="/media/kcfinder/upload/flash/banners/kupi_468_60.swf" type="application/x-shockwave-flash" width="468"></embed></object></p>\n', 'richtext', 'HTML-код баннера, который будет отображаться на страницах'),
(128, 143, 'type', 'Тип отображения виджета', 'panel', 'string', 'Параметр отвечает за тип отображения виджета Ulogin'),
(131, 146, 'type', 'Тип отображения виджета', 'panel', 'string', 'Параметр отвечает за тип отображения виджета Ulogin'),
(135, 154, 'code', 'Произвольный HTML-код виджета', 'dfgdfgdfg', 'text', 'Параметр отвечает за выводимый HTML-код на странице'),
(139, 159, 'results_per_page', 'Количество материалов на странице выдачи', '5', 'number', 'Параметр отвечает за количество\r\n                    материалов в выдаче на странице'),
(140, 162, 'orientation', 'Ориентация меню', 'horizontal', 'string', 'Параметр задаёт ориентацию меню'),
(141, 163, 'button_enable', 'Кнопка включена?', 'yes', 'string', 'Параметр отвечает за отображение кнопки поиска'),
(142, 164, 'limit', 'Количество отображаемых новостей', '5', 'number', 'Параметр задаёт количество отображаемых новостей в виджете'),
(143, 165, 'banner_code', 'Код баннера', '', 'richtext', 'HTML-код баннера, который будет отображаться на страницах'),
(144, 166, 'type', 'Тип отображения виджета', 'panel', 'string', 'Параметр отвечает за тип отображения виджета Ulogin'),
(145, 167, 'code', 'Произвольный HTML-код виджета', 'dfgdfgdfgdfgdfgdfgdfgdgdfgdgdg', 'text', 'Параметр отвечает за выводимый HTML-код на странице'),
(146, 168, 'orientation', 'Ориентация меню', 'horizontal', 'string', 'Параметр задаёт ориентацию меню');

-- --------------------------------------------------------

--
-- Структура таблицы `config_item_available_value`
--

CREATE TABLE IF NOT EXISTS `config_item_available_value` (
  `config_item_available_value_id` int(10) unsigned NOT NULL AUTO_INCREMENT,
  `config_item_id` int(10) unsigned NOT NULL,
  `value` text NOT NULL,
  PRIMARY KEY (`config_item_available_value_id`)
) ENGINE=InnoDB  DEFAULT CHARSET=utf8 AUTO_INCREMENT=79 ;

--
-- Дамп данных таблицы `config_item_available_value`
--

INSERT INTO `config_item_available_value` (`config_item_available_value_id`, `config_item_id`, `value`) VALUES
(19, 105, 'on'),
(20, 105, 'off'),
(21, 109, 'on'),
(22, 109, 'off'),
(23, 112, 'vertical'),
(24, 112, 'horizontal'),
(27, 114, 'vertical'),
(28, 114, 'horizontal'),
(33, 117, 'yes'),
(34, 117, 'no'),
(37, 119, 'yes'),
(38, 119, 'no'),
(45, 128, 'small'),
(46, 128, 'panel'),
(47, 128, 'window'),
(54, 131, 'small'),
(55, 131, 'panel'),
(56, 131, 'window'),
(70, 140, 'vertical'),
(71, 140, 'horizontal'),
(72, 141, 'yes'),
(73, 141, 'no'),
(74, 144, 'small'),
(75, 144, 'panel'),
(76, 144, 'window'),
(77, 146, 'vertical'),
(78, 146, 'horizontal');

-- --------------------------------------------------------

--
-- Структура таблицы `delivery`
--

CREATE TABLE IF NOT EXISTS `delivery` (
  `delivery_id` int(11) NOT NULL AUTO_INCREMENT,
  `title` varchar(255) NOT NULL,
  `description` text NOT NULL,
  `cost` float NOT NULL,
  PRIMARY KEY (`delivery_id`)
) ENGINE=InnoDB DEFAULT CHARSET=utf8 AUTO_INCREMENT=1 ;

-- --------------------------------------------------------

--
-- Структура таблицы `feedbacks`
--

CREATE TABLE IF NOT EXISTS `feedbacks` (
  `feedback_id` int(10) unsigned NOT NULL AUTO_INCREMENT,
  `name` varchar(255) NOT NULL,
  `email` varchar(255) NOT NULL,
  `theme` varchar(255) NOT NULL,
  `text` text NOT NULL,
  `page_id` int(10) unsigned NOT NULL,
  PRIMARY KEY (`feedback_id`)
) ENGINE=InnoDB DEFAULT CHARSET=utf8 AUTO_INCREMENT=1 ;

-- --------------------------------------------------------

--
-- Структура таблицы `goods`
--

CREATE TABLE IF NOT EXISTS `goods` (
  `good_id` int(10) unsigned NOT NULL AUTO_INCREMENT,
  `catalog_id` int(10) unsigned DEFAULT NULL,
  `title` varchar(255) NOT NULL,
  `name` varchar(255) NOT NULL,
  `sequence` int(10) unsigned NOT NULL,
  `page_id` int(10) unsigned NOT NULL,
  PRIMARY KEY (`good_id`)
) ENGINE=InnoDB DEFAULT CHARSET=utf8 AUTO_INCREMENT=1 ;

-- --------------------------------------------------------

--
-- Структура таблицы `modules`
--

CREATE TABLE IF NOT EXISTS `modules` (
  `module_id` int(10) unsigned NOT NULL AUTO_INCREMENT,
  `title` varchar(255) CHARACTER SET utf32 NOT NULL,
  `name` varchar(255) CHARACTER SET utf32 NOT NULL,
  `config_id` int(10) unsigned NOT NULL,
  PRIMARY KEY (`module_id`)
) ENGINE=InnoDB  DEFAULT CHARSET=utf8 AUTO_INCREMENT=29 ;

--
-- Дамп данных таблицы `modules`
--

INSERT INTO `modules` (`module_id`, `title`, `name`, `config_id`) VALUES
(24, 'Текстовая страница', 'Page', 119),
(25, 'Публикации', 'News', 120),
(26, 'Поиск', 'Search', 121),
(27, 'Обратная связь', 'Feedback', 122),
(28, 'Каталог', 'Catalog', 151);

-- --------------------------------------------------------

--
-- Структура таблицы `news`
--

CREATE TABLE IF NOT EXISTS `news` (
  `new_id` int(10) unsigned NOT NULL AUTO_INCREMENT,
  `title` varchar(255) NOT NULL,
  `text` text NOT NULL,
  `announce` text NOT NULL,
  `date` datetime NOT NULL,
  `page_id` int(10) unsigned NOT NULL,
  PRIMARY KEY (`new_id`)
) ENGINE=InnoDB  DEFAULT CHARSET=utf8 AUTO_INCREMENT=8 ;

--
-- Дамп данных таблицы `news`
--

INSERT INTO `news` (`new_id`, `title`, `text`, `announce`, `date`, `page_id`) VALUES
(1, 'Введение', '<p>\n	&nbsp;</p>\n<div class="info" style="margin: 0px; padding: 0px; border: 0px; font-size: medium; font: inherit; vertical-align: baseline; color: rgb(0, 0, 0); font-family: ''Times New Roman''; line-height: 16px;">\n	<h1 class="title" style="margin: 0.5em 0px; padding: 0px; border-width: 0px 0px 2px; border-bottom-style: solid; border-bottom-color: rgb(209, 221, 224); font-size: 1.75em; font: inherit; vertical-align: baseline; cursor: default; color: rgb(3, 152, 202); font-family: Museo700Regular;">\n		Введение&nbsp;</h1>\n</div>\n<p class="para" style="margin: 0px 0px 1em; padding: 0px; border: 0px; font-size: medium; font: inherit; vertical-align: baseline; color: rgb(79, 78, 78); font-family: MuseoSans500Regular; line-height: 20px;">\n	<span class="classname" style="margin: 0px; padding: 0px; border: 0px; font-size: 14px; font: inherit; vertical-align: baseline; font-family: consolas, ''lucida console'', monospace, fixed; font-weight: bold; color: rgb(0, 0, 0);">Zend_Acl</span>&nbsp;предоставляет легковесную и гибкую реализацию списка прав доступа (<acronym class="acronym" style="margin: 0px; padding: 0px; border: 0px; font-size: 16px; font: inherit; vertical-align: baseline;">ACL</acronym>) и управления привилегиями. Приложение может использовать&nbsp;<acronym class="acronym" style="margin: 0px; padding: 0px; border: 0px; font-size: 16px; font: inherit; vertical-align: baseline;">ACL</acronym>&nbsp;для контроля доступа одних объектов к другим - защищенным.</p>\n<p class="para" style="margin: 0px 0px 1em; padding: 0px; border: 0px; font-size: medium; font: inherit; vertical-align: baseline; color: rgb(79, 78, 78); font-family: MuseoSans500Regular; line-height: 20px;">\n	В рамках данной документации:</p>\n<ul class="itemizedlist" style="margin: 0px; padding-right: 0px; padding-bottom: 1em; padding-left: 20px; border: 0px; font-size: medium; font: inherit; vertical-align: baseline; list-style-position: outside; list-style-image: initial; color: rgb(79, 78, 78); font-family: MuseoSans500Regular; line-height: 20px;">\n	<li class="listitem" style="margin: 0px; padding: 0px; border: 0px; font-size: 16px; font: inherit; vertical-align: baseline;">\n		<p class="para" style="margin: 0px 0px 1em; padding: 0px; border: 0px; font-size: 16px; font: inherit; vertical-align: baseline;">\n			<em class="emphasis" style="margin: 0px; padding: 0px; border: 0px; font-size: 16px; font: inherit; vertical-align: baseline;">Ресурс</em>&nbsp;- объект, доступ к которому контролируется.</p>\n	</li>\n	<li class="listitem" style="margin: 0px; padding: 0px; border: 0px; font-size: 16px; font: inherit; vertical-align: baseline;">\n		<p class="para" style="margin: 0px 0px 1em; padding: 0px; border: 0px; font-size: 16px; font: inherit; vertical-align: baseline;">\n			<em class="emphasis" style="margin: 0px; padding: 0px; border: 0px; font-size: 16px; font: inherit; vertical-align: baseline;">Роль</em>&nbsp;- объект, который может запрашивать доступ к ресурсу.</p>\n	</li>\n</ul>\n<p class="para" style="margin: 0px 0px 1em; padding: 0px; border: 0px; font-size: medium; font: inherit; vertical-align: baseline; color: rgb(79, 78, 78); font-family: MuseoSans500Regular; line-height: 20px;">\n	Говоря проще,&nbsp;<em class="emphasis" style="margin: 0px; padding: 0px; border: 0px; font-size: 16px; font: inherit; vertical-align: baseline;">роли запрашивают доступ к ресурсам</em>. Например, если парковщик запрашивает доступ к автомобилю, то парковщик - это роль, а автомобиль - ресурс, поскольку доступ к автомобилю не может предоставляться всем без исключения.</p>\n<p class="para" style="margin: 0px 0px 1em; padding: 0px; border: 0px; font-size: medium; font: inherit; vertical-align: baseline; color: rgb(79, 78, 78); font-family: MuseoSans500Regular; line-height: 20px;">\n	Благодаря спецификации и использованию списка прав доступа (<acronym class="acronym" style="margin: 0px; padding: 0px; border: 0px; font-size: 16px; font: inherit; vertical-align: baseline;">ACL</acronym>) приложение может контролировать предоставление ролям доступа к ресурсам.</p>\n', '<p>\n	&nbsp;</p>\n<div class="info" style="margin: 0px; padding: 0px; border: 0px; font-size: medium; font: inherit; vertical-align: baseline; color: rgb(0, 0, 0); font-family: ''Times New Roman''; line-height: 16px;">\n	<h1 class="title" style="margin: 0.5em 0px; padding: 0px; border-width: 0px 0px 2px; border-bottom-style: solid; border-bottom-color: rgb(209, 221, 224); font-size: 1.75em; font: inherit; vertical-align: baseline; cursor: default; color: rgb(3, 152, 202); font-family: Museo700Regular;">\n		Введение</h1>\n</div>\n<p class="para" style="margin: 0px 0px 1em; padding: 0px; border: 0px; font-size: medium; font: inherit; vertical-align: baseline; color: rgb(79, 78, 78); font-family: MuseoSans500Regular; line-height: 20px;">\n	<span class="classname" style="margin: 0px; padding: 0px; border: 0px; font-size: 14px; font: inherit; vertical-align: baseline; font-family: consolas, ''lucida console'', monospace, fixed; font-weight: bold; color: rgb(0, 0, 0);">Zend_Acl</span>&nbsp;предоставляет легковесную и гибкую реализацию списка прав доступа (<acronym class="acronym" style="margin: 0px; padding: 0px; border: 0px; font-size: 16px; font: inherit; vertical-align: baseline;">ACL</acronym>) и управления привилегиями. Приложение может использовать&nbsp;<acronym class="acronym" style="margin: 0px; padding: 0px; border: 0px; font-size: 16px; font: inherit; vertical-align: baseline;">ACL</acronym>&nbsp;для контроля доступа одних объектов к другим - защищенным.</p>\n<p class="para" style="margin: 0px 0px 1em; padding: 0px; border: 0px; font-size: medium; font: inherit; vertical-align: baseline; color: rgb(79, 78, 78); font-family: MuseoSans500Regular; line-height: 20px;">\n	В рамках данной документации&nbsp;</p>\n', '2012-11-20 12:00:00', 52),
(2, 'Ресурсы', '<p>\n	&nbsp;</p>\n<div class="info" style="margin: 0px; padding: 0px; border: 0px; font-size: medium; font: inherit; vertical-align: baseline; color: rgb(0, 0, 0); font-family: ''Times New Roman''; line-height: 16px;">\n	<h1 class="title" style="margin: 1.25em 0px 0.5em; padding: 0px; border-width: 0px 0px 1px; border-bottom-style: solid; border-bottom-color: rgb(209, 221, 224); font-size: 1.4em; font: inherit; vertical-align: baseline; cursor: default; color: rgb(3, 152, 202); font-family: Museo700Regular;">\n		Ресурсы&nbsp;<a class="title-link-anchor" href="http://framework.zend.com/manual/1.12/ru/zend.acl.introduction.html#zend.acl.introduction.resources" style="margin: 0px; padding: 0px; border: 0px; font-size: 0.8em; font: inherit; vertical-align: baseline; font-family: MuseoSans500Regular; color: rgb(221, 221, 221); text-decoration: initial;">&para;</a></h1>\n</div>\n<p class="para" style="margin: 0px 0px 1em; padding: 0px; border: 0px; font-size: medium; font: inherit; vertical-align: baseline; color: rgb(79, 78, 78); font-family: MuseoSans500Regular; line-height: 20px;">\n	Создать ресурс в&nbsp;<span class="classname" style="margin: 0px; padding: 0px; border: 0px; font-size: 14px; font: inherit; vertical-align: baseline; font-family: consolas, ''lucida console'', monospace, fixed; font-weight: bold; color: rgb(0, 0, 0);">Zend_Acl</span>&nbsp;очень просто.&nbsp;<span class="classname" style="margin: 0px; padding: 0px; border: 0px; font-size: 14px; font: inherit; vertical-align: baseline; font-family: consolas, ''lucida console'', monospace, fixed; font-weight: bold; color: rgb(0, 0, 0);">Zend_Acl</span>&nbsp;предоставляет интерфейс ресурса<span class="classname" style="margin: 0px; padding: 0px; border: 0px; font-size: 14px; font: inherit; vertical-align: baseline; font-family: consolas, ''lucida console'', monospace, fixed; font-weight: bold; color: rgb(0, 0, 0);">Zend_Acl_Resource_Interface</span>&nbsp;для облегчения процесса создания ресурса. Этот интерфейс содержит только один метод,&nbsp;<span class="methodname" style="margin: 0px; padding: 0px; border: 0px; font-size: 14px; font: inherit; vertical-align: baseline; font-family: consolas, ''lucida console'', monospace, fixed; font-weight: bold; color: rgb(0, 0, 0);">getResourceId()</span>. Классу достаточно реализовывать этот интерфейс для того, чтобы&nbsp;<span class="classname" style="margin: 0px; padding: 0px; border: 0px; font-size: 14px; font: inherit; vertical-align: baseline; font-family: consolas, ''lucida console'', monospace, fixed; font-weight: bold; color: rgb(0, 0, 0);">Zend_Acl</span>&nbsp;рассматривал объект этого класса как ресурс. Кроме того,<span class="classname" style="margin: 0px; padding: 0px; border: 0px; font-size: 14px; font: inherit; vertical-align: baseline; font-family: consolas, ''lucida console'', monospace, fixed; font-weight: bold; color: rgb(0, 0, 0);">Zend_Acl</span>&nbsp;предоставляет&nbsp;<span class="classname" style="margin: 0px; padding: 0px; border: 0px; font-size: 14px; font: inherit; vertical-align: baseline; font-family: consolas, ''lucida console'', monospace, fixed; font-weight: bold; color: rgb(0, 0, 0);">Zend_Acl_Resource</span>&nbsp;в качестве базового класса, который разработчики могут расширять по желанию.</p>\n<p class="para" style="margin: 0px 0px 1em; padding: 0px; border: 0px; font-size: medium; font: inherit; vertical-align: baseline; color: rgb(79, 78, 78); font-family: MuseoSans500Regular; line-height: 20px;">\n	<span class="classname" style="margin: 0px; padding: 0px; border: 0px; font-size: 14px; font: inherit; vertical-align: baseline; font-family: consolas, ''lucida console'', monospace, fixed; font-weight: bold; color: rgb(0, 0, 0);">Zend_Acl</span>&nbsp;предоставляет древовидную структуру, в которую могут добавляться различные ресурсы. В этой структуре они могут быть организованы от общих (корень дерева) к специфическим (листья дерева). При запросах к определенным ресурсам в иерархии будет выполнен автоматический поиск правил, относящихся к ресурсам-предкам, учитывающий простое наследование правил. Например, если некое общее правило должно действовать в каждом здании города, то проще прикрепить его к городу, чем крепить к каждому зданию в городе. Однако, для некоторых зданий могут потребоваться исключения из этого правила, в<span class="classname" style="margin: 0px; padding: 0px; border: 0px; font-size: 14px; font: inherit; vertical-align: baseline; font-family: consolas, ''lucida console'', monospace, fixed; font-weight: bold; color: rgb(0, 0, 0);">Zend_Acl</span>&nbsp;это достигается путем закрепления исключений за каждым зданием, требующим исключений из правила. Ресурс может наследовать только от одного родительского ресурса, однако сам родительский ресурс может, в свою очередь, наследовать от другого родительского ресурса и т.д.</p>\n<p class="para" style="margin: 0px 0px 1em; padding: 0px; border: 0px; font-size: medium; font: inherit; vertical-align: baseline; color: rgb(79, 78, 78); font-family: MuseoSans500Regular; line-height: 20px;">\n	<span class="classname" style="margin: 0px; padding: 0px; border: 0px; font-size: 14px; font: inherit; vertical-align: baseline; font-family: consolas, ''lucida console'', monospace, fixed; font-weight: bold; color: rgb(0, 0, 0);">Zend_Acl</span>&nbsp;также поддерживает права доступа к ресурсам (например, &quot;создание&quot;, &quot;чтение&quot;, &quot;обновление&quot;, &quot;удаление&quot;), разработчик может присваивать правила, которые будут влиять на все или определенные права доступа к ресурсу.</p>\n', '<p>\n	&nbsp;</p>\n<div class="info" style="margin: 0px; padding: 0px; border: 0px; font-size: medium; font: inherit; vertical-align: baseline; color: rgb(0, 0, 0); font-family: ''Times New Roman''; line-height: 16px;">\n	<h1 class="title" style="margin: 1.25em 0px 0.5em; padding: 0px; border-width: 0px 0px 1px; border-bottom-style: solid; border-bottom-color: rgb(209, 221, 224); font-size: 1.4em; font: inherit; vertical-align: baseline; cursor: default; color: rgb(3, 152, 202); font-family: Museo700Regular;">\n		Ресурсы&nbsp;<a class="title-link-anchor" href="http://framework.zend.com/manual/1.12/ru/zend.acl.introduction.html#zend.acl.introduction.resources" style="margin: 0px; padding: 0px; border: 0px; font-size: 0.8em; font: inherit; vertical-align: baseline; font-family: MuseoSans500Regular; color: rgb(221, 221, 221); text-decoration: initial;">&para;</a></h1>\n</div>\n<p class="para" style="margin: 0px 0px 1em; padding: 0px; border: 0px; font-size: medium; font: inherit; vertical-align: baseline; color: rgb(79, 78, 78); font-family: MuseoSans500Regular; line-height: 20px;">\n	Создать ресурс в&nbsp;<span class="classname" style="margin: 0px; padding: 0px; border: 0px; font-size: 14px; font: inherit; vertical-align: baseline; font-family: consolas, ''lucida console'', monospace, fixed; font-weight: bold; color: rgb(0, 0, 0);">Zend_Acl</span>&nbsp;очень просто.&nbsp;<span class="classname" style="margin: 0px; padding: 0px; border: 0px; font-size: 14px; font: inherit; vertical-align: baseline; font-family: consolas, ''lucida console'', monospace, fixed; font-weight: bold; color: rgb(0, 0, 0);">Zend_Acl</span>&nbsp;предоставляет интерфейс ресурса<span class="classname" style="margin: 0px; padding: 0px; border: 0px; font-size: 14px; font: inherit; vertical-align: baseline; font-family: consolas, ''lucida console'', monospace, fixed; font-weight: bold; color: rgb(0, 0, 0);">Zend_Acl_Resource_Interface</span>&nbsp;для облегчения процесса создания ресурса. Этот интерфейс содержит только один метод,&nbsp;<span class="methodname" style="margin: 0px; padding: 0px; border: 0px; font-size: 14px; font: inherit; vertical-align: baseline; font-family: consolas, ''lucida console'', monospace, fixed; font-weight: bold; color: rgb(0, 0, 0);">getResourceId()</span>. Классу достаточно реализовывать этот интерфейс для того, чтобы&nbsp;<span class="classname" style="margin: 0px; padding: 0px; border: 0px; font-size: 14px; font: inherit; vertical-align: baseline; font-family: consolas, ''lucida console'', monospace, fixed; font-weight: bold; color: rgb(0, 0, 0);">Zend_Acl</span>&nbsp;рассматривал объект этого класса как ресурс. Кроме того,<span class="classname" style="margin: 0px; padding: 0px; border: 0px; font-size: 14px; font: inherit; vertical-align: baseline; font-family: consolas, ''lucida console'', monospace, fixed; font-weight: bold; color: rgb(0, 0, 0);">Zend_Acl</span>&nbsp;предоставляет&nbsp;<span class="classname" style="margin: 0px; padding: 0px; border: 0px; font-size: 14px; font: inherit; vertical-align: baseline; font-family: consolas, ''lucida console'', monospace, fixed; font-weight: bold; color: rgb(0, 0, 0);">Zend_Acl_Resource</span>&nbsp;в качестве базового класса, который разработчики могут расширять по желанию.&nbsp;</p>\n<p class="para" style="margin: 0px 0px 1em; padding: 0px; border: 0px; font-size: medium; font: inherit; vertical-align: baseline; color: rgb(79, 78, 78); font-family: MuseoSans500Regular; line-height: 20px;">\n	&nbsp;</p>\n', '2012-11-20 12:00:00', 52);
INSERT INTO `news` (`new_id`, `title`, `text`, `announce`, `date`, `page_id`) VALUES
(3, 'Роли', '<p>\n	&nbsp;</p>\n<div class="section" id="zend.acl.introduction.roles" name="zend.acl.introduction.roles" style="margin: 0px; padding: 0px; border: 0px; font-size: medium; font: inherit; vertical-align: baseline; color: rgb(0, 0, 0); font-family: ''Times New Roman''; line-height: 16px;">\n	<div class="info" style="margin: 0px; padding: 0px; border: 0px; font-size: 16px; font: inherit; vertical-align: baseline;">\n		<h1 class="title" style="margin: 1.25em 0px 0.5em; padding: 0px; border-width: 0px 0px 1px; border-bottom-style: solid; border-bottom-color: rgb(209, 221, 224); font-size: 1.4em; font: inherit; vertical-align: baseline; cursor: default; color: rgb(3, 152, 202); font-family: Museo700Regular;">\n			Роли&nbsp;<a class="title-link-anchor" href="http://framework.zend.com/manual/1.12/ru/zend.acl.introduction.html#zend.acl.introduction.roles" style="margin: 0px; padding: 0px; border: 0px; font-size: 0.8em; font: inherit; vertical-align: baseline; font-family: MuseoSans500Regular; color: rgb(221, 221, 221); text-decoration: initial;">&para;</a></h1>\n	</div>\n	<p class="para" style="margin: 0px 0px 1em; padding: 0px; border: 0px; font-size: 16px; font: inherit; vertical-align: baseline; color: rgb(79, 78, 78); font-family: MuseoSans500Regular; line-height: 20px;">\n		Как и в случае с ресурсами, создавать роль тоже очень просто. Все роли должны реализовывать интерфейс&nbsp;<span class="classname" style="margin: 0px; padding: 0px; border: 0px; font-size: 14px; font: inherit; vertical-align: baseline; font-family: consolas, ''lucida console'', monospace, fixed; font-weight: bold; color: rgb(0, 0, 0);">Zend_Acl_Role_Interface</span>. Этот интерфейс содержит единственный метод&nbsp;<span class="methodname" style="margin: 0px; padding: 0px; border: 0px; font-size: 14px; font: inherit; vertical-align: baseline; font-family: consolas, ''lucida console'', monospace, fixed; font-weight: bold; color: rgb(0, 0, 0);">getRoleId()</span>. Кроме того,&nbsp;<span class="classname" style="margin: 0px; padding: 0px; border: 0px; font-size: 14px; font: inherit; vertical-align: baseline; font-family: consolas, ''lucida console'', monospace, fixed; font-weight: bold; color: rgb(0, 0, 0);">Zend_Acl</span>&nbsp;предоставляет&nbsp;<span class="classname" style="margin: 0px; padding: 0px; border: 0px; font-size: 14px; font: inherit; vertical-align: baseline; font-family: consolas, ''lucida console'', monospace, fixed; font-weight: bold; color: rgb(0, 0, 0);">Zen d_Acl_Role</span>&nbsp;в качестве базового класса, который разработчики могут расширять по желанию.</p>\n	<p class="para" style="margin: 0px 0px 1em; padding: 0px; border: 0px; font-size: 16px; font: inherit; vertical-align: baseline; color: rgb(79, 78, 78); font-family: MuseoSans500Regular; line-height: 20px;">\n		В&nbsp;<span class="classname" style="margin: 0px; padding: 0px; border: 0px; font-size: 14px; font: inherit; vertical-align: baseline; font-family: consolas, ''lucida console'', monospace, fixed; font-weight: bold; color: rgb(0, 0, 0);">Zend_Acl</span>&nbsp;роль может наследовать от одной или от нескольких ролей. Это реализовано для поддержки наследования правил между ролями. Например, пользовательская роль, такая как &quot;Салли&quot;, может принадлежать одной или нескольким родительским ролям, таким как &quot;редактор&quot; и &quot;администратор&quot;. Разработчик может привязывать правила к &quot;редактору&quot; и &quot;администратору&quot; раздельно, и &quot;Салли&quot; будет наследовать правила обоих ролей. Нет необходимости привязывать правила непосредственно к &quot;Салли&quot;.</p>\n	<p class="para" style="margin: 0px 0px 1em; padding: 0px; border: 0px; font-size: 16px; font: inherit; vertical-align: baseline; color: rgb(79, 78, 78); font-family: MuseoSans500Regular; line-height: 20px;">\n		Хотя множественное наследование ролей - очень полезная возможность, она также усложняет разработку. Следующий пример демонстрирует неопределенное условие и показывает, как<span class="classname" style="margin: 0px; padding: 0px; border: 0px; font-size: 14px; font: inherit; vertical-align: baseline; font-family: consolas, ''lucida console'', monospace, fixed; font-weight: bold; color: rgb(0, 0, 0);">Zend_Acl</span>&nbsp;решает эту проблему.</p>\n	<div class="example" style="margin: 1.5em 0px; padding: 1.25em 1.25em 0.75em; border: 1px solid rgb(153, 153, 153); font-size: 16px; font: inherit; vertical-align: baseline; background-color: rgb(242, 249, 255); box-shadow: rgba(0, 0, 0, 0.247059) 0px 1px 8px; -webkit-box-shadow: rgba(0, 0, 0, 0.247059) 0px 1px 8px; background-position: initial initial; background-repeat: initial initial;">\n		<div class="info" style="margin: 0px; padding: 0px; border: 0px; font-size: 16px; font: inherit; vertical-align: baseline;">\n			<p style="margin: 0px 0px 1em; padding: 0px; border: 0px; font-size: 16px; font: inherit; vertical-align: baseline; color: rgb(79, 78, 78); font-family: MuseoSans500Regular; line-height: 20px;">\n				<b style="margin: 0px; padding: 0px; border: 0px; font-size: 16px; font: inherit; vertical-align: baseline;">Пример #1 Множественное наследование ролей</b></p>\n		</div>\n		<div class="example-contents" style="margin: 0px; padding: 0px; border: 0px; font-size: 16px; font: inherit; vertical-align: baseline;">\n			<p style="margin: 0px 0px 1em; padding: 0px; border: 0px; font-size: 16px; font: inherit; vertical-align: baseline; color: rgb(79, 78, 78); font-family: MuseoSans500Regular; line-height: 20px;">\n				Следующий код определяет три базовые роли: &quot;guest&quot;, &quot;member&quot; и &quot;admin&quot;, от которых будут наследовать другие роли. Далее создается &quot;someUser&quot;, он наследует от этих только что созданных трех ролей. Порядок, в котором эти роли появляются в массиве<var class="varname" style="margin: 0px; padding: 0px; border: 0px; font-size: 14px; font: inherit; vertical-align: baseline; font-family: consolas, ''lucida console'', monospace, fixed; font-weight: bold; color: rgb(0, 0, 0); font-style: normal;">$parents</var>, важен. При необходимости&nbsp;<span class="classname" style="margin: 0px; padding: 0px; border: 0px; font-size: 14px; font: inherit; vertical-align: baseline; font-family: consolas, ''lucida console'', monospace, fixed; font-weight: bold; color: rgb(0, 0, 0);">Zend_Acl</span>&nbsp;ищет правила доступа не только для запрашиваемых ролей (в нашем случае, &quot;someUser&quot;), но и для ролей, от которых запрашиваемая роль унаследована (в нашем примере, &quot;guest&quot;, &quot;member&quot; и &quot;admin&quot;):</p>\n		</div>\n		<div class="programlisting php" style="margin: 1.5em 0px; padding: 1em 1.25em 0.75em; border: 1px solid rgb(170, 170, 170); font: inherit; vertical-align: baseline; background-color: rgb(250, 251, 252); font-family: Consolas, ''Lucida Console'', monospace; overflow: auto; box-shadow: rgba(0, 0, 0, 0.298039) 0px 1px 8px; -webkit-box-shadow: rgba(0, 0, 0, 0.247059) 0px 1px 8px;">\n			<div class="phpcode" style="margin: 0px; padding: 0px; border: 0px; font: inherit; vertical-align: baseline;">\n				<div class="php" style="margin: 0px; padding: 0px; border: 0px; font: inherit; vertical-align: baseline; font-family: monospace; color: rgb(17, 17, 17) !important;">\n					<ol style="margin: 0px; padding-right: 0px; padding-bottom: 1em; padding-left: 25px; border: 0px; font-size: 16px; font: inherit; vertical-align: baseline; list-style-position: outside; list-style-image: initial; color: rgb(79, 78, 78); font-family: MuseoSans500Regular; line-height: 20px;">\n						<li style="margin: 0px; padding: 0px; border: 0px; font-size: 14px; font: inherit; vertical-align: baseline; font-family: ''Courier New'', Courier, monospace; color: black;">\n							<div style="margin: 0px; padding: 0px; border: 0px; font-size: 14px; font: inherit; vertical-align: baseline; color: rgb(17, 17, 17) !important;">\n								<span style="margin: 0px; padding: 0px; border: 0px; font-size: 14px; font: inherit; vertical-align: baseline; color: rgb(0, 0, 255);">$acl</span>&nbsp;=&nbsp;<span style="margin: 0px; padding: 0px; border: 0px; font-size: 14px; font: inherit; vertical-align: baseline; color: rgb(0, 0, 0); font-weight: bold;">new</span>&nbsp;Zend_Acl<span style="margin: 0px; padding: 0px; border: 0px; font-size: 14px; font: inherit; vertical-align: baseline; color: rgb(102, 204, 102);">(</span><span style="margin: 0px; padding: 0px; border: 0px; font-size: 14px; font: inherit; vertical-align: baseline; color: rgb(102, 204, 102);">)</span>;</div>\n						</li>\n						<li style="margin: 0px; padding: 0px; border: 0px; font-size: 14px; font: inherit; vertical-align: baseline; font-family: ''Courier New'', Courier, monospace; color: black;">\n							<div style="margin: 0px; padding: 0px; border: 0px; font-size: 14px; font: inherit; vertical-align: baseline; color: rgb(17, 17, 17) !important;">\n								&nbsp;</div>\n						</li>\n						<li style="margin: 0px; padding: 0px; border: 0px; font-size: 14px; font: inherit; vertical-align: baseline; font-family: ''Courier New'', Courier, monospace; color: black;">\n							<div style="margin: 0px; padding: 0px; border: 0px; font-size: 14px; font: inherit; vertical-align: baseline; color: rgb(17, 17, 17) !important;">\n								<span style="margin: 0px; padding: 0px; border: 0px; font-size: 14px; font: inherit; vertical-align: baseline; color: rgb(0, 0, 255);">$acl</span>-&gt;<span style="margin: 0px; padding: 0px; border: 0px; font-size: 14px; font: inherit; vertical-align: baseline; color: rgb(0, 102, 0);">addRole</span><span style="margin: 0px; padding: 0px; border: 0px; font-size: 14px; font: inherit; vertical-align: baseline; color: rgb(102, 204, 102);">(</span><span style="margin: 0px; padding: 0px; border: 0px; font-size: 14px; font: inherit; vertical-align: baseline; color: rgb(0, 0, 0); font-weight: bold;">new</span>&nbsp;Zend_Acl_Role<span style="margin: 0px; padding: 0px; border: 0px; font-size: 14px; font: inherit; vertical-align: baseline; color: rgb(102, 204, 102);">(</span><span style="margin: 0px; padding: 0px; border: 0px; font-size: 14px; font: inherit; vertical-align: baseline; color: rgb(255, 0, 0);">&#39;guest&#39;</span><span style="margin: 0px; padding: 0px; border: 0px; font-size: 14px; font: inherit; vertical-align: baseline; color: rgb(102, 204, 102);">)</span><span style="margin: 0px; padding: 0px; border: 0px; font-size: 14px; font: inherit; vertical-align: baseline; color: rgb(102, 204, 102);">)</span></div>\n						</li>\n						<li style="margin: 0px; padding: 0px; border: 0px; font-size: 14px; font: inherit; vertical-align: baseline; font-family: ''Courier New'', Courier, monospace; color: black;">\n							<div style="margin: 0px; padding: 0px; border: 0px; font-size: 14px; font: inherit; vertical-align: baseline; color: rgb(17, 17, 17) !important;">\n								&nbsp; &nbsp; -&gt;<span style="margin: 0px; padding: 0px; border: 0px; font-size: 14px; font: inherit; vertical-align: baseline; color: rgb(0, 102, 0);">addRole</span><span style="margin: 0px; padding: 0px; border: 0px; font-size: 14px; font: inherit; vertical-align: baseline; color: rgb(102, 204, 102);">(</span><span style="margin: 0px; padding: 0px; border: 0px; font-size: 14px; font: inherit; vertical-align: baseline; color: rgb(0, 0, 0); font-weight: bold;">new</span>&nbsp;Zend_Acl_Role<span style="margin: 0px; padding: 0px; border: 0px; font-size: 14px; font: inherit; vertical-align: baseline; color: rgb(102, 204, 102);">(</span><span style="margin: 0px; padding: 0px; border: 0px; font-size: 14px; font: inherit; vertical-align: baseline; color: rgb(255, 0, 0);">&#39;member&#39;</span><span style="margin: 0px; padding: 0px; border: 0px; font-size: 14px; font: inherit; vertical-align: baseline; color: rgb(102, 204, 102);">)</span><span style="margin: 0px; padding: 0px; border: 0px; font-size: 14px; font: inherit; vertical-align: baseline; color: rgb(102, 204, 102);">)</span></div>\n						</li>\n						<li style="margin: 0px; padding: 0px; border: 0px; font-size: 14px; font: inherit; vertical-align: baseline; font-family: ''Courier New'', Courier, monospace; color: black;">\n							<div style="margin: 0px; padding: 0px; border: 0px; font-size: 14px; font: inherit; vertical-align: baseline; color: rgb(17, 17, 17) !important;">\n								&nbsp; &nbsp; -&gt;<span style="margin: 0px; padding: 0px; border: 0px; font-size: 14px; font: inherit; vertical-align: baseline; color: rgb(0, 102, 0);">addRole</span><span style="margin: 0px; padding: 0px; border: 0px; font-size: 14px; font: inherit; vertical-align: baseline; color: rgb(102, 204, 102);">(</span><span style="margin: 0px; padding: 0px; border: 0px; font-size: 14px; font: inherit; vertical-align: baseline; color: rgb(0, 0, 0); font-weight: bold;">new</span>&nbsp;Zend_Acl_Role<span style="margin: 0px; padding: 0px; border: 0px; font-size: 14px; font: inherit; vertical-align: baseline; color: rgb(102, 204, 102);">(</span><span style="margin: 0px; padding: 0px; border: 0px; font-size: 14px; font: inherit; vertical-align: baseline; color: rgb(255, 0, 0);">&#39;admin&#39;</span><span style="margin: 0px; padding: 0px; border: 0px; font-size: 14px; font: inherit; vertical-align: baseline; color: rgb(102, 204, 102);">)</span><span style="margin: 0px; padding: 0px; border: 0px; font-size: 14px; font: inherit; vertical-align: baseline; color: rgb(102, 204, 102);">)</span>;</div>\n						</li>\n						<li style="margin: 0px; padding: 0px; border: 0px; font-size: 14px; font: inherit; vertical-align: baseline; font-family: ''Courier New'', Courier, monospace; color: black;">\n							<div style="margin: 0px; padding: 0px; border: 0px; font-size: 14px; font: inherit; vertical-align: baseline; color: rgb(17, 17, 17) !important;">\n								&nbsp;</div>\n						</li>\n						<li style="margin: 0px; padding: 0px; border: 0px; font-size: 14px; font: inherit; vertical-align: baseline; font-family: ''Courier New'', Courier, monospace; color: black;">\n							<div style="margin: 0px; padding: 0px; border: 0px; font-size: 14px; font: inherit; vertical-align: baseline; color: rgb(17, 17, 17) !important;">\n								<span style="margin: 0px; padding: 0px; border: 0px; font-size: 14px; font: inherit; vertical-align: baseline; color: rgb(0, 0, 255);">$parents</span>&nbsp;=&nbsp;<a href="http://www.php.net/array" style="margin: 0px; padding: 0px; border: 0px; font-size: 14px; font: inherit; vertical-align: baseline; font-family: MuseoSans500Regular; color: rgb(0, 145, 213); text-decoration: initial;"><span style="margin: 0px; padding: 0px; border: 0px; font-size: 14px; font: inherit; vertical-align: baseline; color: rgb(0, 0, 102);">array</span></a><span style="margin: 0px; padding: 0px; border: 0px; font-size: 14px; font: inherit; vertical-align: baseline; color: rgb(102, 204, 102);">(</span><span style="margin: 0px; padding: 0px; border: 0px; font-size: 14px; font: inherit; vertical-align: baseline; color: rgb(255, 0, 0);">&#39;guest&#39;</span>,&nbsp;<span style="margin: 0px; padding: 0px; border: 0px; font-size: 14px; font: inherit; vertical-align: baseline; color: rgb(255, 0, 0);">&#39;member&#39;</span>,&nbsp;<span style="margin: 0px; padding: 0px; border: 0px; font-size: 14px; font: inherit; vertical-align: baseline; color: rgb(255, 0, 0);">&#39;admin&#39;</span><span style="margin: 0px; padding: 0px; border: 0px; font-size: 14px; font: inherit; vertical-align: baseline; color: rgb(102, 204, 102);">)</span>;</div>\n						</li>\n						<li style="margin: 0px; padding: 0px; border: 0px; font-size: 14px; font: inherit; vertical-align: baseline; font-family: ''Courier New'', Courier, monospace; color: black;">\n							<div style="margin: 0px; padding: 0px; border: 0px; font-size: 14px; font: inherit; vertical-align: baseline; color: rgb(17, 17, 17) !important;">\n								<span style="margin: 0px; padding: 0px; border: 0px; font-size: 14px; font: inherit; vertical-align: baseline; color: rgb(0, 0, 255);">$acl</span>-&gt;<span style="margin: 0px; padding: 0px; border: 0px; font-size: 14px; font: inherit; vertical-align: baseline; color: rgb(0, 102, 0);">addRole</span><span style="margin: 0px; padding: 0px; border: 0px; font-size: 14px; font: inherit; vertical-align: baseline; color: rgb(102, 204, 102);">(</span><span style="margin: 0px; padding: 0px; border: 0px; font-size: 14px; font: inherit; vertical-align: baseline; color: rgb(0, 0, 0); font-weight: bold;">new</span>&nbsp;Zend_Acl_Role<span style="margin: 0px; padding: 0px; border: 0px; font-size: 14px; font: inherit; vertical-align: baseline; color: rgb(102, 204, 102);">(</span><span style="margin: 0px; padding: 0px; border: 0px; font-size: 14px; font: inherit; vertical-align: baseline; color: rgb(255, 0, 0);">&#39;someUser&#39;</span><span style="margin: 0px; padding: 0px; border: 0px; font-size: 14px; font: inherit; vertical-align: baseline; color: rgb(102, 204, 102);">)</span>,&nbsp;<span style="margin: 0px; padding: 0px; border: 0px; font-size: 14px; font: inherit; vertical-align: baseline; color: rgb(0, 0, 255);">$parents</span><span style="margin: 0px; padding: 0px; border: 0px; font-size: 14px; font: inherit; vertical-align: baseline; color: rgb(102, 204, 102);">)</span>;</div>\n						</li>\n						<li style="margin: 0px; padding: 0px; border: 0px; font-size: 14px; font: inherit; vertical-align: baseline; font-family: ''Courier New'', Courier, monospace; color: black;">\n							<div style="margin: 0px; padding: 0px; border: 0px; font-size: 14px; font: inherit; vertical-align: baseline; color: rgb(17, 17, 17) !important;">\n								&nbsp;</div>\n						</li>\n						<li style="margin: 0px; padding: 0px; border: 0px; font-size: 14px; font: inherit; vertical-align: baseline; font-family: ''Courier New'', Courier, monospace; color: black;">\n							<div style="margin: 0px; padding: 0px; border: 0px; font-size: 14px; font: inherit; vertical-align: baseline; color: rgb(17, 17, 17) !important;">\n								<span style="margin: 0px; padding: 0px; border: 0px; font-size: 14px; font: inherit; vertical-align: baseline; color: rgb(0, 0, 255);">$acl</span>-&gt;<span style="margin: 0px; padding: 0px; border: 0px; font-size: 14px; font: inherit; vertical-align: baseline; color: rgb(0, 102, 0);">add</span><span style="margin: 0px; padding: 0px; border: 0px; font-size: 14px; font: inherit; vertical-align: baseline; color: rgb(102, 204, 102);">(</span><span style="margin: 0px; padding: 0px; border: 0px; font-size: 14px; font: inherit; vertical-align: baseline; color: rgb(0, 0, 0); font-weight: bold;">new</span>&nbsp;Zend_Acl_Resource<span style="margin: 0px; padding: 0px; border: 0px; font-size: 14px; font: inherit; vertical-align: baseline; color: rgb(102, 204, 102);">(</span><span style="margin: 0px; padding: 0px; border: 0px; font-size: 14px; font: inherit; vertical-align: baseline; color: rgb(255, 0, 0);">&#39;someResource&#39;</span><span style="margin: 0px; padding: 0px; border: 0px; font-size: 14px; font: inherit; vertical-align: baseline; color: rgb(102, 204, 102);">)</span><span style="margin: 0px; padding: 0px; border: 0px; font-size: 14px; font: inherit; vertical-align: baseline; color: rgb(102, 204, 102);">)</span>;</div>\n						</li>\n						<li style="margin: 0px; padding: 0px; border: 0px; font-size: 14px; font: inherit; vertical-align: baseline; font-family: ''Courier New'', Courier, monospace; color: black;">\n							<div style="margin: 0px; padding: 0px; border: 0px; font-size: 14px; font: inherit; vertical-align: baseline; color: rgb(17, 17, 17) !important;">\n								&nbsp;</div>\n						</li>\n						<li style="margin: 0px; padding: 0px; border: 0px; font-size: 14px; font: inherit; vertical-align: baseline; font-family: ''Courier New'', Courier, monospace; color: black;">\n							<div style="margin: 0px; padding: 0px; border: 0px; font-size: 14px; font: inherit; vertical-align: baseline; color: rgb(17, 17, 17) !important;">\n								<span style="margin: 0px; padding: 0px; border: 0px; font-size: 14px; font: inherit; vertical-align: baseline; color: rgb(0, 0, 255);">$acl</span>-&gt;<span style="margin: 0px; padding: 0px; border: 0px; font-size: 14px; font: inherit; vertical-align: baseline; color: rgb(0, 102, 0);">deny</span><span style="margin: 0px; padding: 0px; border: 0px; font-size: 14px; font: inherit; vertical-align: baseline; color: rgb(102, 204, 102);">(</span><span style="margin: 0px; padding: 0px; border: 0px; font-size: 14px; font: inherit; vertical-align: baseline; color: rgb(255, 0, 0);">&#39;guest&#39;</span>,&nbsp;<span style="margin: 0px; padding: 0px; border: 0px; font-size: 14px; font: inherit; vertical-align: baseline; color: rgb(255, 0, 0);">&#39;someResource&#39;</span><span style="margin: 0px; padding: 0px; border: 0px; font-size: 14px; font: inherit; vertical-align: baseline; color: rgb(102, 204, 102);">)</span>;</div>\n						</li>\n						<li style="margin: 0px; padding: 0px; border: 0px; font-size: 14px; font: inherit; vertical-align: baseline; font-family: ''Courier New'', Courier, monospace; color: black;">\n							<div style="margin: 0px; padding: 0px; border: 0px; font-size: 14px; font: inherit; vertical-align: baseline; color: rgb(17, 17, 17) !important;">\n								<span style="margin: 0px; padding: 0px; border: 0px; font-size: 14px; font: inherit; vertical-align: baseline; color: rgb(0, 0, 255);">$acl</span>-&gt;<span style="margin: 0px; padding: 0px; border: 0px; font-size: 14px; font: inherit; vertical-align: baseline; color: rgb(0, 102, 0);">allow</span><span style="margin: 0px; padding: 0px; border: 0px; font-size: 14px; font: inherit; vertical-align: baseline; color: rgb(102, 204, 102);">(</span><span style="margin: 0px; padding: 0px; border: 0px; font-size: 14px; font: inherit; vertical-align: baseline; color: rgb(255, 0, 0);">&#39;member&#39;</span>,&nbsp;<span style="margin: 0px; padding: 0px; border: 0px; font-size: 14px; font: inherit; vertical-align: baseline; color: rgb(255, 0, 0);">&#39;someResource&#39;</span><span style="margin: 0px; padding: 0px; border: 0px; font-size: 14px; font: inherit; vertical-align: baseline; color: rgb(102, 204, 102);">)</span>;</div>\n						</li>\n						<li style="margin: 0px; padding: 0px; border: 0px; font-size: 14px; font: inherit; vertical-align: baseline; font-family: ''Courier New'', Courier, monospace; color: black;">\n							<div style="margin: 0px; padding: 0px; border: 0px; font-size: 14px; font: inherit; vertical-align: baseline; color: rgb(17, 17, 17) !important;">\n								&nbsp;</div>\n						</li>\n						<li style="margin: 0px; padding: 0px; border: 0px; font-size: 14px; font: inherit; vertical-align: baseline; font-family: ''Courier New'', Courier, monospace; color: black;">\n							<div style="margin: 0px; padding: 0px; border: 0px; font-size: 14px; font: inherit; vertical-align: baseline; color: rgb(17, 17, 17) !important;">\n								<a href="http://www.php.net/echo" style="margin: 0px; padding: 0px; border: 0px; font-size: 14px; font: inherit; vertical-align: baseline; font-family: MuseoSans500Regular; color: rgb(0, 145, 213); text-decoration: initial;"><span style="margin: 0px; padding: 0px; border: 0px; font-size: 14px; font: inherit; vertical-align: baseline; color: rgb(0, 0, 102);">echo</span></a>&nbsp;<span style="margin: 0px; padding: 0px; border: 0px; font-size: 14px; font: inherit; vertical-align: baseline; color: rgb(0, 0, 255);">$acl</span>-&gt;<span style="margin: 0px; padding: 0px; border: 0px; font-size: 14px; font: inherit; vertical-align: baseline; color: rgb(0, 102, 0);">isAllowed</span><span style="margin: 0px; padding: 0px; border: 0px; font-size: 14px; font: inherit; vertical-align: baseline; color: rgb(102, 204, 102);">(</span><span style="margin: 0px; padding: 0px; border: 0px; font-size: 14px; font: inherit; vertical-align: baseline; color: rgb(255, 0, 0);">&#39;someUser&#39;</span>,&nbsp;<span style="margin: 0px; padding: 0px; border: 0px; font-size: 14px; font: inherit; vertical-align: baseline; color: rgb(255, 0, 0);">&#39;someResource&#39;</span><span style="margin: 0px; padding: 0px; border: 0px; font-size: 14px; font: inherit; vertical-align: baseline; color: rgb(102, 204, 102);">)</span>&nbsp;?&nbsp;<span style="margin: 0px; padding: 0px; border: 0px; font-size: 14px; font: inherit; vertical-align: baseline; color: rgb(255, 0, 0);">&#39;разрешен&#39;</span>&nbsp;:<span style="margin: 0px; padding: 0px; border: 0px; font-size: 14px; font: inherit; vertical-align: baseline; color: rgb(255, 0, 0);">&#39;запрещен&#39;</span>;</div>\n						</li>\n					</ol>\n				</div>\n			</div>\n		</div>\n		<div class="example-contents" style="margin: 0px; padding: 0px; border: 0px; font-size: 16px; font: inherit; vertical-align: baseline;">\n			<p style="margin: 0px 0px 1em; padding: 0px; border: 0px; font-size: 16px; font: inherit; vertical-align: baseline; color: rgb(79, 78, 78); font-family: MuseoSans500Regular; line-height: 20px;">\n				Поскольку нет правил, определенных специально для роли &quot;someUser&quot; и ресурса &quot;someResource&quot;, то&nbsp;<span class="classname" style="margin: 0px; padding: 0px; border: 0px; font-size: 14px; font: inherit; vertical-align: baseline; font-family: consolas, ''lucida console'', monospace, fixed; font-weight: bold; color: rgb(0, 0, 0);">Zend_Acl</span>&nbsp;должен производить поиск правил, которые могут быть определены для ролей, от которых &quot;someUser&quot; наследуется. Сперва проверяется роль &quot;admin&quot;, и обнаруживается, что для нее не определены правила доступа. Затем проверяется роль &quot;member&quot;, и&nbsp;<span class="classname" style="margin: 0px; padding: 0px; border: 0px; font-size: 14px; font: inherit; vertical-align: baseline; font-family: consolas, ''lucida console'', monospace, fixed; font-weight: bold; color: rgb(0, 0, 0);">Zend_Acl</span>&nbsp;обнаруживает, что есть правило разрешающее доступ для &quot;member&quot; к &quot;someResource&quot;.</p>\n		</div>\n		<div class="example-contents" style="margin: 0px; padding: 0px; border: 0px; font-size: 16px; font: inherit; vertical-align: baseline;">\n			<p style="margin: 0px 0px 1em; padding: 0px; border: 0px; font-size: 16px; font: inherit; vertical-align: baseline; color: rgb(79, 78, 78); font-family: MuseoSans500Regular; line-height: 20px;">\n				Если бы&nbsp;<span class="classname" style="margin: 0px; padding: 0px; border: 0px; font-size: 14px; font: inherit; vertical-align: baseline; font-family: consolas, ''lucida console'', monospace, fixed; font-weight: bold; color: rgb(0, 0, 0);">Zend_Acl</span>&nbsp;продолжил поиск правил, определенных для родительских ролей, то обнаружил бы, что для &quot;guest&quot; запрещен доступ к &quot;someResource&quot;. Это пример показывает противоречие, так как теперь для &quot;someUser&quot; доступ к &quot;someResource&quot; разрешен и запрещен одновременно. Конфликт произошел по причине наследования от нескольких ролей.</p>\n		</div>\n		<div class="example-contents" style="margin: 0px; padding: 0px; border: 0px; font-size: 16px; font: inherit; vertical-align: baseline;">\n			<p style="margin: 0px 0px 1em; padding: 0px; border: 0px; font-size: 16px; font: inherit; vertical-align: baseline; color: rgb(79, 78, 78); font-family: MuseoSans500Regular; line-height: 20px;">\n				<span class="classname" style="margin: 0px; padding: 0px; border: 0px; font-size: 14px; font: inherit; vertical-align: baseline; font-family: consolas, ''lucida console'', monospace, fixed; font-weight: bold; color: rgb(0, 0, 0);">Zend_Acl</span>&nbsp;решает эту неоднозначность, завершая запрос, как только находит первое правило, которое может быть применено к запросу. В этом случае, если роль &quot;member&quot; проверяется раньше, чем роль &quot;guest&quot;, то данный пример выведет &quot;разрешен&quot;.</p>\n		</div>\n	</div>\n	<blockquote style="margin: 1.5em 0px; padding: 1.25em 1.25em 0.75em; border: 1px solid rgb(170, 170, 119); font-size: 18px; font: inherit; vertical-align: baseline; quotes: none; font-family: MuseoSans500Regular; background-image: none; background-attachment: scroll; background-color: rgb(255, 255, 221); box-shadow: rgba(0, 0, 0, 0.247059) 0px 1px 8px; -webkit-box-shadow: rgba(0, 0, 0, 0.247059) 0px 1px 8px; background-position: 0px 0px; background-repeat: repeat repeat;">\n		<p style="margin: 0px 0px 1em; padding: 0px; border: 0px; font-size: 16px; font: inherit; vertical-align: baseline; color: rgb(79, 78, 78); line-height: 20px;">\n			<b class="note" style="margin: 1em 0px; padding: 0.5em 1em; border: 1px solid rgb(255, 255, 255); font-size: 16px; font: inherit; vertical-align: baseline; background-color: rgb(228, 228, 228); border-top-left-radius: 20px; border-top-right-radius: 20px; border-bottom-right-radius: 20px; border-bottom-left-radius: 20px;">Замечание</b>: При определении нескольких родительских ролей, не забывайте, что последний указанный родитель будет первым в списке поиска правил для запроса авторизации.&nbsp;</p>\n		<div>\n			&nbsp;</div>\n	</blockquote>\n</div>\n<div class="section" id="zend.acl.introduction.creating" name="zend.acl.introduction.creating" style="margin: 0px; padding: 0px; border: 0px; font-size: medium; font: inherit; vertical-align: baseline; color: rgb(0, 0, 0); font-family: ''Times New Roman''; line-height: 16px;">\n	<div class="info" style="margin: 0px; padding: 0px; border: 0px; font-size: 16px; font: inherit; vertical-align: baseline;">\n		&nbsp;</div>\n</div>\n<p>\n	&nbsp;</p>\n', '<p>\n	&nbsp;</p>\n<div class="section" id="zend.acl.introduction.roles" name="zend.acl.introduction.roles" style="margin: 0px; padding: 0px; border: 0px; font-size: medium; font: inherit; vertical-align: baseline; color: rgb(0, 0, 0); font-family: ''Times New Roman''; line-height: 16px;">\n	<div class="info" style="margin: 0px; padding: 0px; border: 0px; font-size: 16px; font: inherit; vertical-align: baseline;">\n		<h1 class="title" style="margin: 1.25em 0px 0.5em; padding: 0px; border-width: 0px 0px 1px; border-bottom-style: solid; border-bottom-color: rgb(209, 221, 224); font-size: 1.4em; font: inherit; vertical-align: baseline; cursor: default; color: rgb(3, 152, 202); font-family: Museo700Regular;">\n			Роли&nbsp;<a class="title-link-anchor" href="http://framework.zend.com/manual/1.12/ru/zend.acl.introduction.html#zend.acl.introduction.roles" style="margin: 0px; padding: 0px; border: 0px; font-size: 0.8em; font: inherit; vertical-align: baseline; font-family: MuseoSans500Regular; color: rgb(221, 221, 221); text-decoration: initial;">&para;</a></h1>\n	</div>\n	<p class="para" style="margin: 0px 0px 1em; padding: 0px; border: 0px; font-size: 16px; font: inherit; vertical-align: baseline; color: rgb(79, 78, 78); font-family: MuseoSans500Regular; line-height: 20px;">\n		Как и в случае с ресурсами, создавать роль тоже очень просто. Все роли должны реализовывать интерфейс&nbsp;<span class="classname" style="margin: 0px; padding: 0px; border: 0px; font-size: 14px; font: inherit; vertical-align: baseline; font-family: consolas, ''lucida console'', monospace, fixed; font-weight: bold; color: rgb(0, 0, 0);">Zend_Acl_Role_Interface</span>. Этот интерфейс содержит единственный метод&nbsp;<span class="methodname" style="margin: 0px; padding: 0px; border: 0px; font-size: 14px; font: inherit; vertical-align: baseline; font-family: consolas, ''lucida console'', monospace, fixed; font-weight: bold; color: rgb(0, 0, 0);">getRoleId()</span>. Кроме того,&nbsp;<span class="classname" style="margin: 0px; padding: 0px; border: 0px; font-size: 14px; font: inherit; vertical-align: baseline; font-family: consolas, ''lucida console'', monospace, fixed; font-weight: bold; color: rgb(0, 0, 0);">Zend_Acl</span>&nbsp;предоставляет&nbsp;<span class="classname" style="margin: 0px; padding: 0px; border: 0px; font-size: 14px; font: inherit; vertical-align: baseline; font-family: consolas, ''lucida console'', monospace, fixed; font-weight: bold; color: rgb(0, 0, 0);">Zend_Acl_Role</span>&nbsp;в качестве базового класса, который разработчики могут расширять по желанию.</p>\n	<p class="para" style="margin: 0px 0px 1em; padding: 0px; border: 0px; font-size: 16px; font: inherit; vertical-align: baseline; color: rgb(79, 78, 78); font-family: MuseoSans500Regular; line-height: 20px;">\n		В&nbsp;<span class="classname" style="margin: 0px; padding: 0px; border: 0px; font-size: 14px; font: inherit; vertical-align: baseline; font-family: consolas, ''lucida console'', monospace, fixed; font-weight: bold; color: rgb(0, 0, 0);">Zend_Acl</span>&nbsp;роль может наследовать от одной или от нескольких ролей. Это реализовано для поддержки наследования правил между ролями. Например, пользовательская роль, такая как &quot;Салли&quot;, может принадлежать одной или нескольким родительским ролям, таким как &quot;редактор&quot; и &quot;администратор&quot;. Разработчик может привязывать правила к &quot;редактору&quot; и &quot;администратору&quot; раздельно, и &quot;Салли&quot; будет наследовать правила обоих ролей. Нет необходимости привязыва ть правила непосредственно к &quot;Салли&quot;.</p>\n	<p class="para" style="margin: 0px 0px 1em; padding: 0px; border: 0px; font-size: 16px; font: inherit; vertical-align: baseline; color: rgb(79, 78, 78); font-family: MuseoSans500Regular; line-height: 20px;">\n		Хотя множественное наследование ролей - очень полезная возможность, она также усложняет разработку. Следующий пример демонстрирует неопределенное условие и показывает, как<span class="classname" style="margin: 0px; padding: 0px; border: 0px; font-size: 14px; font: inherit; vertical-align: baseline; font-family: consolas, ''lucida console'', monospace, fixed; font-weight: bold; color: rgb(0, 0, 0);">Zend_Acl</span>&nbsp;решает эту проблему.</p>\n	<div class="example" style="margin: 1.5em 0px; padding: 1.25em 1.25em 0.75em; border: 1px solid rgb(153, 153, 153); font-size: 16px; font: inherit; vertical-align: baseline; background-color: rgb(242, 249, 255); box-shadow: rgba(0, 0, 0, 0.247059) 0px 1px 8px; -webkit-box-shadow: rgba(0, 0, 0, 0.247059) 0px 1px 8px; background-position: initial initial; background-repeat: initial initial;">\n		<div class="info" style="margin: 0px; padding: 0px; border: 0px; font-size: 16px; font: inherit; vertical-align: baseline;">\n			<p style="margin: 0px 0px 1em; padding: 0px; border: 0px; font-size: 16px; font: inherit; vertical-align: baseline; color: rgb(79, 78, 78); font-family: MuseoSans500Regular; line-height: 20px;">\n				<b style="margin: 0px; padding: 0px; border: 0px; font-size: 16px; font: inherit; vertical-align: baseline;">Пример #1 Множественное наследование ролей</b></p>\n		</div>\n		<div class="example-contents" style="margin: 0px; padding: 0px; border: 0px; font-size: 16px; font: inherit; vertical-align: baseline;">\n			<p style="margin: 0px 0px 1em; padding: 0px; border: 0px; font-size: 16px; font: inherit; vertical-align: baseline; color: rgb(79, 78, 78); font-family: MuseoSans500Regular; line-height: 20px;">\n				Следующий код определяет три базовые роли: &quot;guest&quot;, &quot;member&quot; и &quot;admin&quot;, от которых будут наследовать другие роли. Далее создается &quot;someUser&quot;, он наследует от этих только что созданных трех ролей. Порядок, в котором эти роли появляются в массиве<var class="varname" style="margin: 0px; padding: 0px; border: 0px; font-size: 14px; font: inherit; vertical-align: baseline; font-family: consolas, ''lucida console'', monospace, fixed; font-weight: bold; color: rgb(0, 0, 0); font-style: normal;">$parents</var>, важен. При необходимости&nbsp;<span class="classname" style="margin: 0px; padding: 0px; border: 0px; font-size: 14px; font: inherit; vertical-align: baseline; font-family: consolas, ''lucida console'', monospace, fixed; font-weight: bold; color: rgb(0, 0, 0);">Zend_Acl</span>&nbsp;ищет правила доступа не только для запрашиваемых ролей (в нашем случае, &quot;someUser&quot;), но и для ролей, от которых запрашиваемая роль унаследована (в нашем примере, &quot;guest&quot;, &quot;member&quot; и &quot;admin&quot;):</p>\n		</div>\n	</div>\n</div>\n<p>\n	&nbsp;</p>\n', '2012-11-20 12:00:00', 52),
(4, 'Создание списка контроля доступа (ACL) ', '<p>\n	&nbsp;</p>\n<div class="info" style="margin: 0px; padding: 0px; border: 0px; font-size: medium; font: inherit; vertical-align: baseline; color: rgb(0, 0, 0); font-family: ''Times New Roman''; line-height: 16px;">\n	<h1 class="title" style="margin: 1.25em 0px 0.5em; padding: 0px; border-width: 0px 0px 1px; border-bottom-style: solid; border-bottom-color: rgb(209, 221, 224); font-size: 1.4em; font: inherit; vertical-align: baseline; cursor: default; color: rgb(3, 152, 202); font-family: Museo700Regular;">\n		Создание списка контроля доступа (ACL)&nbsp;<a class="title-link-anchor" href="http://framework.zend.com/manual/1.12/ru/zend.acl.introduction.html#zend.acl.introduction.creating" style="margin: 0px; padding: 0px; border: 0px; font-size: 0.8em; font: inherit; vertical-align: baseline; font-family: MuseoSans500Regular; color: rgb(221, 221, 221); text-decoration: initial;">&para;</a></h1>\n</div>\n<p class="para" style="margin: 0px 0px 1em; padding: 0px; border: 0px; font-size: medium; font: inherit; vertical-align: baseline; color: rgb(79, 78, 78); font-family: MuseoSans500Regular; line-height: 20px;">\n	Список контроля доступа (<acronym class="acronym" style="margin: 0px; padding: 0px; border: 0px; font-size: 16px; font: inherit; vertical-align: baseline;">ACL</acronym>) &nbsp;может представлять &nbsp;собой любое множество физических или виртуальных объектов. В целях демонстрации, мы создадим базовый функционал&nbsp;<acronym class="acronym" style="margin: 0px; padding: 0px; border: 0px; font-size: 16px; font: inherit; vertical-align: baseline;">ACL</acronym>&nbsp;для системы управления содержимым (<acronym class="acronym" style="margin: 0px; padding: 0px; border: 0px; font-size: 16px; font: inherit; vertical-align: baseline;">CMS</acronym>), который будет поддерживать нескольких уровней групп к множеству областей. Чтобы создать новый объект&nbsp;<acronym class="acronym" style="margin: 0px; padding: 0px; border: 0px; font-size: 16px; font: inherit; vertical-align: baseline;">ACL</acronym>, производим инстанцирование<acronym class="acronym" style="margin: 0px; padding: 0px; border: 0px; font-size: 16px; font: inherit; vertical-align: baseline;">ACL</acronym>&nbsp;без параметров:</p>\n<div class="programlisting php" style="margin: 1.5em 0px; padding: 1em 1.25em 0.75em; border: 1px solid rgb(170, 170, 170); font: inherit; vertical-align: baseline; background-color: rgb(250, 251, 252); font-family: Consolas, ''Lucida Console'', monospace; overflow: auto; box-shadow: rgba(0, 0, 0, 0.298039) 0px 1px 8px; -webkit-box-shadow: rgba(0, 0, 0, 0.247059) 0px 1px 8px; color: rgb(0, 0, 0);">\n	<div class="phpcode" style="margin: 0px; padding: 0px; border: 0px; font: inherit; vertical-align: baseline;">\n		<div class="php" style="margin: 0px; padding: 0px; border: 0px; font: inherit; vertical-align: baseline; font-family: monospace; color: rgb(17, 17, 17) !important;">\n			<ol style="margin: 0px; padding-right: 0px; padding-bottom: 1em; padding-left: 25px; border: 0px; font-size: 16px; font: inherit; vertical-align: baseline; list-style-position: outside; list-style-image: initial; color: rgb(79, 78, 78); font-family: MuseoSans500Regular; line-height: 20px;">\n				<li style="margin: 0px; padding: 0px; border: 0px; font-size: 14px; font: inherit; vertical-align: baseline; font-family: ''Courier New'', Courier, monospace; color: black;">\n					<div style="margin: 0px; padding: 0px; border: 0px; font-size: 14px; font: inherit; vertical-align: baseline; color: rgb(17, 17, 17) !important;">\n						<span style="margin: 0px; padding: 0px; border: 0px; font-size: 14px; font: inherit; vertical-align: baseline; color: rgb(0, 0, 255);">$acl</span>&nbsp;=&nbsp;<span style="margin: 0px; padding: 0px; border: 0px; font-size: 14px; font: inherit; vertical-align: baseline; color: rgb(0, 0, 0); font-weight: bold;">new</span>&nbsp;Zend_Acl<span style="margin: 0px; padding: 0px; border: 0px; font-size: 14px; font: inherit; vertical-align: baseline; color: rgb(102, 204, 102);">(</span><span style="margin: 0px; padding: 0px; border: 0px; font-size: 14px; font: inherit; vertical-align: baseline; color: rgb(102, 204, 102);">)</span>;</div>\n				</li>\n			</ol>\n		</div>\n	</div>\n</div>\n<blockquote style="margin: 1.5em 0px; padding: 1.25em 1.25em 0.75em; border: 1px solid rgb(170, 170, 119); font-size: 18px; font: inherit; vertical-align: baseline; quotes: none; font-family: MuseoSans500Regular; background-image: none; background-attachment: scroll; background-color: rgb(255, 255, 221); box-shadow: rgba(0, 0, 0, 0.247059) 0px 1px 8px; -webkit-box-shadow: rgba(0, 0, 0, 0.247059) 0px 1px 8px; color: rgb(0, 0, 0); background-position: 0px 0px; background-repeat: repeat repeat;">\n	<p style="margin: 0px 0px 1em; padding: 0px; border: 0px; font-size: 16px; font: inherit; vertical-align: baseline; color: rgb(79, 78, 78); line-height: 20px;">\n		<b class="note" style="margin: 1em 0px; padding: 0.5em 1em; border: 1px solid rgb(255, 255, 255); font-size: 16px; font: inherit; vertical-align: baseline; background-color: rgb(228, 228, 228); border-top-left-radius: 20px; border-top-right-radius: 20px; border-bottom-right-radius: 20px; border-bottom-left-radius: 20px;">Замечание</b>: До тех пор, пока разработчик не определит какое-либо правило, разрешающее доступ,&nbsp;<span class="classname" style="margin: 0px; padding: 0px; border: 0px; font-size: 14px; font: inherit; vertical-align: baseline; font-family: consolas, ''lucida console'', monospace, fixed; font-weight: bold; color: rgb(0, 0, 0);">Zend_Acl</span>&nbsp;отказывает всем ролям в доступе ко всем привилегиям на все ресурсы.</p>\n</blockquote>\n', '<p>\n	&nbsp;</p>\n<div class="info" style="margin: 0px; padding: 0px; border: 0px; font-size: medium; font: inherit; vertical-align: baseline; color: rgb(0, 0, 0); font-family: ''Times New Roman''; line-height: 16px;">\n	<h1 class="title" style="margin: 1.25em 0px 0.5em; padding: 0px; border-width: 0px 0px 1px; border-bottom-style: solid; border-bottom-color: rgb(209, 221, 224); font-size: 1.4em; font: inherit; vertical-align: baseline; cursor: default; color: rgb(3, 152, 202); font-family: Museo700Regular;">\n		Создание списка контроля доступа (ACL)&nbsp;<a class="title-link-anchor" href="http://framework.zend.com/manual/1.12/ru/zend.acl.introduction.html#zend.acl.introduction.creating" style="margin: 0px; padding: 0px; border: 0px; font-size: 0.8em; font: inherit; vertical-align: baseline; font-family: MuseoSans500Regular; color: rgb(221, 221, 221); text-decoration: initial;">&para;</a></h1>\n</div>\n<p class="para" style="margin: 0px 0px 1em; padding: 0px; border: 0px; font-size: medium; font: inherit; vertical-align: baseline; color: rgb(79, 78, 78); font-family: MuseoSans500Regular; line-height: 20px;">\n	Список контроля доступа (<acronym class="acronym" style="margin: 0px; padding: 0px; border: 0px; font-size: 16px; font: inherit; vertical-align: baseline;">ACL</acronym>) может представлять собой любое множество физических или виртуальных объектов. В целях демонстрации, мы создадим базовый функционал&nbsp;<acronym class="acronym" style="margin: 0px; padding: 0px; border: 0px; font-size: 16px; font: inherit; vertical-align: baseline;">ACL</acronym>&nbsp;для системы управления содержимым (<acronym class="acronym" style="margin: 0px; padding: 0px; border: 0px; font-size: 16px; font: inherit; vertical-align: baseline;">CMS</acronym>), который будет поддерживать нескольких уровней &nbsp;групп к множеству &nbsp;областей. Чтобы создать новый объект&nbsp;<acronym class="acronym" style="margin: 0px; padding: 0px; border: 0px; font-size: 16px; font: inherit; vertical-align: baseline;">ACL</acronym>, производим инстанцирование<acronym class="acronym" style="margin: 0px; padding: 0px; border: 0px; font-size: 16px; font: inherit; vertical-align: baseline;">ACL</acronym>&nbsp;без параметров:</p>\n', '2012-11-20 12:00:00', 52);
INSERT INTO `news` (`new_id`, `title`, `text`, `announce`, `date`, `page_id`) VALUES
(5, 'Регистрация ролей', '<p>\n	&nbsp;</p>\n<div class="info" style="margin: 0px; padding: 0px; border: 0px; font-size: medium; font: inherit; vertical-align: baseline; color: rgb(0, 0, 0); font-family: ''Times New Roman''; line-height: 16px;">\n	<h1 class="title" style="margin: 1.25em 0px 0.5em; padding: 0px; border-width: 0px 0px 1px; border-bottom-style: solid; border-bottom-color: rgb(209, 221, 224); font-size: 1.4em; font: inherit; vertical-align: baseline; cursor: default; color: rgb(3, 152, 202); font-family: Museo700Regular;">\n		Регистрация ролей&nbsp;<a class="title-link-anchor" href="http://framework.zend.com/manual/1.12/ru/zend.acl.introduction.html#zend.acl.introduction.role_registry" style="margin: 0px; padding: 0px; border: 0px; font-size: 0.8em; font: inherit; vertical-align: baseline; font-family: MuseoSans500Regular; color: rgb(221, 221, 221); text-decoration: initial;">&para;</a></h1>\n</div>\n<p class="para" style="margin: 0px 0px 1em; padding: 0px; border: 0px; font-size: medium; font: inherit; vertical-align: baseline; color: rgb(79, 78, 78); font-family: MuseoSans500Regular; line-height: 20px;">\n	<acronym class="acronym" style="margin: 0px; padding: 0px; border: 0px; font-size: 16px; font: inherit; vertical-align: baseline;">CMS</acronym>&nbsp;почти всегда нуждаются в иерархии до ступа &nbsp;для определения авторских возможностей своих пользователей. Это может быть группа &quot;Гость&quot;, предоставляющая ограниченный доступ для демонстрации, группа &quot;Сотрудник&quot; - группа большинства пользователей&nbsp;<acronym class="acronym" style="margin: 0px; padding: 0px; border: 0px; font-size: 16px; font: inherit; vertical-align: baseline;">CMS</acronym>, которые производят каждодневные операции, группа &quot;Редактор&quot; - для тех кто публикует и редактирует, архивирует и удаляет контент, и, наконец, группа &quot;Администратор&quot;, участники которой могут выполнять все операции, которые доступны участникам других групп, а также управлять закрытой информацией, пользователями, конфигурацией адинистративной части, делать резервное копирование данных и их экспорт. Этот набор прав доступа может быть представлен в реестре ролей, позволяя каждой группе наследовать привилегии родительской группы, при этом имея индивидуальные права доступа. Права доступа могут быть изображены в следующем виде:</p>\n<div class="info" style="margin: 0px; padding: 0px; border: 0px; font-size: medium; font: inherit; vertical-align: baseline; color: rgb(0, 0, 0); font-family: ''Times New Roman''; line-height: 16px;">\n	&nbsp;</div>\n<table class="doctable table" style="margin: 0px; padding: 0px; border: 0px; font-size: medium; font: inherit; vertical-align: baseline; border-collapse: collapse; border-spacing: 0px; color: rgb(0, 0, 0); font-family: ''Times New Roman''; line-height: 16px;">\n	<caption style="margin: 0px; padding: 0px; border: 0px; font-size: 16px; font: inherit; vertical-align: baseline;">\n		<b style="margin: 0px; padding: 0px; border: 0px; font-size: 16px; font: inherit; vertical-align: baseline;">Контроль за доступом для демонстрационной CMS</b></caption>\n	<thead style="margin: 0px; padding: 0px; border: 0px; font-size: 16px; font: inherit; vertical-align: baseline;" valign="middle">\n		<tr style="margin: 0px; padding: 0px; border: 0px; font-size: 16px; font: inherit; vertical-align: baseline;" valign="middle">\n			<th style="margin: 0px; padding: 0px; border: 0px; font-size: 16px; font: inherit; vertical-align: baseline;">\n				Название</th>\n			<th style="margin: 0px; padding: 0px; border: 0px; font-size: 16px; font: inherit; vertical-align: baseline;">\n				Индивидуальные права</th>\n			<th style="margin: 0px; padding: 0px; border: 0px; font-size: 16px; font: inherit; vertical-align: baseline;">\n				Права, унаследованные от</th>\n		</tr>\n	</thead>\n	<tbody class="tbody" style="margin: 0px; padding: 0px; border: 0px; font-size: 16px; font: inherit; vertical-align: baseline;" valign="middle">\n		<tr style="margin: 0px; padding: 0px; border: 0px; font-size: 16px; font: inherit; vertical-align: baseline;" valign="middle">\n			<td align="left" style="margin: 0px; padding: 10px 0px; border: 0px; font-size: 16px; font: inherit; vertical-align: baseline; color: rgb(79, 78, 78); font-family: MuseoSans500Regular; line-height: 20px;">\n				Гость (guest)</td>\n			<td align="left" style="margin: 0px; padding: 10px 0px; border: 0px; font-size: 16px; font: inherit; vertical-align: baseline; color: rgb(79, 78, 78); font-family: MuseoSans500Regular; line-height: 20px;">\n				Просмотр (view)</td>\n			<td align="left" style="margin: 0px; padding: 10px 0px; border: 0px; font-size: 16px; font: inherit; vertical-align: baseline; color: rgb(79, 78, 78); font-family: MuseoSans500Regular; line-height: 20px;">\n				Не определено</td>\n		</tr>\n		<tr style="margin: 0px; padding: 0px; border: 0px; font-size: 16px; font: inherit; vertical-align: baseline;" valign="middle">\n			<td align="left" style="margin: 0px; padding: 10px 0px; border: 0px; font-size: 16px; font: inherit; vertical-align: baseline; color: rgb(79, 78, 78); font-family: MuseoSans500Regular; line-height: 20px;">\n				Сотрудник (staff)</td>\n			<td align="left" style="margin: 0px; padding: 10px 0px; border: 0px; font-size: 16px; font: inherit; vertical-align: baseline; color: rgb(79, 78, 78); font-family: MuseoSans500Regular; line-height: 20px;">\n				Редактирование (edit), предложение на публикацию (submit), исправление (revise)</td>\n			<td align="left" style="margin: 0px; padding: 10px 0px; border: 0px; font-size: 16px; font: inherit; vertical-align: baseline; color: rgb(79, 78, 78); font-family: MuseoSans500Regular; line-height: 20px;">\n				Гость</td>\n		</tr>\n		<tr style="margin: 0px; padding: 0px; border: 0px; font-size: 16px; font: inherit; vertical-align: baseline;" valign="middle">\n			<td align="left" style="margin: 0px; padding: 10px 0px; border: 0px; font-size: 16px; font: inherit; vertical-align: baseline; color: rgb(79, 78, 78); font-family: MuseoSans500Regular; line-height: 20px;">\n				Редактор (editor)</td>\n			<td align="left" style="margin: 0px; padding: 10px 0px; border: 0px; font-size: 16px; font: inherit; vertical-align: baseline; color: rgb(79, 78, 78); font-family: MuseoSans500Regular; line-height: 20px;">\n				Публикация (publish), архивирование (archive), удаление (delete)</td>\n			<td align="left" style="margin: 0px; padding: 10px 0px; border: 0px; font-size: 16px; font: inherit; vertical-align: baseline; color: rgb(79, 78, 78); font-family: MuseoSans500Regular; line-height: 20px;">\n				Сотрудник</td>\n		</tr>\n		<tr style="margin: 0px; padding: 0px; border: 0px; font-size: 16px; font: inherit; vertical-align: baseline;" valign="middle">\n			<td align="left" style="margin: 0px; padding: 10px 0px; border: 0px; font-size: 16px; font: inherit; vertical-align: baseline; color: rgb(79, 78, 78); font-family: MuseoSans500Regular; line-height: 20px;">\n				Администратор (administrator)</td>\n			<td align="left" style="margin: 0px; padding: 10px 0px; border: 0px; font-size: 16px; font: inherit; vertical-align: baseline; color: rgb(79, 78, 78); font-family: MuseoSans500Regular; line-height: 20px;">\n				(Обладает всеми правами)</td>\n			<td align="left" style="margin: 0px; padding: 10px 0px; border: 0px; font-size: 16px; font: inherit; vertical-align: baseline; color: rgb(79, 78, 78); font-family: MuseoSans500Regular; line-height: 20px;">\n				Не определено</td>\n		</tr>\n	</tbody>\n</table>\n<p class="para" style="margin: 0px 0px 1em; padding: 0px; border: 0px; font-size: medium; font: inherit; vertical-align: baseline; color: rgb(79, 78, 78); font-family: MuseoSans500Regular; line-height: 20px;">\n	Для этого примера мы используем&nbsp;<span class="classname" style="margin: 0px; padding: 0px; border: 0px; font-size: 14px; font: inherit; vertical-align: baseline; font-family: consolas, ''lucida console'', monospace, fixed; font-weight: bold; color: rgb(0, 0, 0);">Zend_Acl_Role</span>, но можно было бы использовать любой другой класс, реализующий интерфейс&nbsp;<span class="classname" style="margin: 0px; padding: 0px; border: 0px; font-size: 14px; font: inherit; vertical-align: baseline; font-family: consolas, ''lucida console'', monospace, fixed; font-weight: bold; color: rgb(0, 0, 0);">Zend_Acl_Role_Interface</span>. Эти группы могут быть добавлены в реестр ролей следующим образом:</p>\n<div class="programlisting php" style="margin: 1.5em 0px; padding: 1em 1.25em 0.75em; border: 1px solid rgb(170, 170, 170); font: inherit; vertical-align: baseline; background-color: rgb(250, 251, 252); font-family: Consolas, ''Lucida Console'', monospace; overflow: auto; box-shadow: rgba(0, 0, 0, 0.298039) 0px 1px 8px; -webkit-box-shadow: rgba(0, 0, 0, 0.247059) 0px 1px 8px; color: rgb(0, 0, 0);">\n	<div class="phpcode" style="margin: 0px; padding: 0px; border: 0px; font: inherit; vertical-align: baseline;">\n		<div class="php" style="margin: 0px; padding: 0px; border: 0px; font: inherit; vertical-align: baseline; font-family: monospace; color: rgb(17, 17, 17) !important;">\n			<ol style="margin: 0px; padding-right: 0px; padding-bottom: 1em; padding-left: 25px; border: 0px; font-size: 16px; font: inherit; vertical-align: baseline; list-style-position: outside; list-style-image: initial; color: rgb(79, 78, 78); font-family: MuseoSans500Regular; line-height: 20px;">\n				<li style="margin: 0px; padding: 0px; border: 0px; font-size: 14px; font: inherit; vertical-align: baseline; font-family: ''Courier New'', Courier, monospace; color: black;">\n					<div style="margin: 0px; padding: 0px; border: 0px; font-size: 14px; font: inherit; vertical-align: baseline; color: rgb(17, 17, 17) !important;">\n						<span style="margin: 0px; padding: 0px; border: 0px; font-size: 14px; font: inherit; vertical-align: baseline; color: rgb(0, 0, 255);">$acl</span>&nbsp;=&nbsp;<span style="margin: 0px; padding: 0px; border: 0px; font-size: 14px; font: inherit; vertical-align: baseline; color: rgb(0, 0, 0); font-weight: bold;">new</span>&nbsp;Zend_Acl<span style="margin: 0px; padding: 0px; border: 0px; font-size: 14px; font: inherit; vertical-align: baseline; color: rgb(102, 204, 102);">(</span><span style="margin: 0px; padding: 0px; border: 0px; font-size: 14px; font: inherit; vertical-align: baseline; color: rgb(102, 204, 102);">)</span>;</div>\n				</li>\n				<li style="margin: 0px; padding: 0px; border: 0px; font-size: 14px; font: inherit; vertical-align: baseline; font-family: ''Courier New'', Courier, monospace; color: black;">\n					<div style="margin: 0px; padding: 0px; border: 0px; font-size: 14px; font: inherit; vertical-align: baseline; color: rgb(17, 17, 17) !important;">\n						&nbsp;</div>\n				</li>\n				<li style="margin: 0px; padding: 0px; border: 0px; font-size: 14px; font: inherit; vertical-align: baseline; font-family: ''Courier New'', Courier, monospace; color: black;">\n					<div style="margin: 0px; padding: 0px; border: 0px; font-size: 14px; font: inherit; vertical-align: baseline; color: rgb(17, 17, 17) !important;">\n						<span style="margin: 0px; padding: 0px; border: 0px; font-size: 14px; font: inherit; vertical-align: baseline; color: rgb(128, 128, 128); font-style: italic;">// Добавление групп в реестр ролей с использованием Zend_Acl_Role</span></div>\n				</li>\n				<li style="margin: 0px; padding: 0px; border: 0px; font-size: 14px; font: inherit; vertical-align: baseline; font-family: ''Courier New'', Courier, monospace; color: black;">\n					<div style="margin: 0px; padding: 0px; border: 0px; font-size: 14px; font: inherit; vertical-align: baseline; color: rgb(17, 17, 17) !important;">\n						<span style="margin: 0px; padding: 0px; border: 0px; font-size: 14px; font: inherit; vertical-align: baseline; color: rgb(128, 128, 128); font-style: italic;">// Гость не наследует управление доступом</span></div>\n				</li>\n				<li style="margin: 0px; padding: 0px; border: 0px; font-size: 14px; font: inherit; vertical-align: baseline; font-family: ''Courier New'', Courier, monospace; color: black;">\n					<div style="margin: 0px; padding: 0px; border: 0px; font-size: 14px; font: inherit; vertical-align: baseline; color: rgb(17, 17, 17) !important;">\n						<span style="margin: 0px; padding: 0px; border: 0px; font-size: 14px; font: inherit; vertical-align: baseline; color: rgb(0, 0, 255);">$roleGuest</span>&nbsp;=&nbsp;<span style="margin: 0px; padding: 0px; border: 0px; font-size: 14px; font: inherit; vertical-align: baseline; color: rgb(0, 0, 0); font-weight: bold;">new</span>&nbsp;Zend_Acl_Role<span style="margin: 0px; padding: 0px; border: 0px; font-size: 14px; font: inherit; vertical-align: baseline; color: rgb(102, 204, 102);">(</span><span style="margin: 0px; padding: 0px; border: 0px; font-size: 14px; font: inherit; vertical-align: baseline; color: rgb(255, 0, 0);">&#39;guest&#39;</span><span style="margin: 0px; padding: 0px; border: 0px; font-size: 14px; font: inherit; vertical-align: baseline; color: rgb(102, 204, 102);">)</span>;</div>\n				</li>\n				<li style="margin: 0px; padding: 0px; border: 0px; font-size: 14px; font: inherit; vertical-align: baseline; font-family: ''Courier New'', Courier, monospace; color: black;">\n					<div style="margin: 0px; padding: 0px; border: 0px; font-size: 14px; font: inherit; vertical-align: baseline; color: rgb(17, 17, 17) !important;">\n						<span style="margin: 0px; padding: 0px; border: 0px; font-size: 14px; font: inherit; vertical-align: baseline; color: rgb(0, 0, 255);">$acl</span>-&gt;<span style="margin: 0px; padding: 0px; border: 0px; font-size: 14px; font: inherit; vertical-align: baseline; color: rgb(0, 102, 0);">addRole</span><span style="margin: 0px; padding: 0px; border: 0px; font-size: 14px; font: inherit; vertical-align: baseline; color: rgb(102, 204, 102);">(</span><span style="margin: 0px; padding: 0px; border: 0px; font-size: 14px; font: inherit; vertical-align: baseline; color: rgb(0, 0, 255);">$roleGuest</span><span style="margin: 0px; padding: 0px; border: 0px; font-size: 14px; font: inherit; vertical-align: baseline; color: rgb(102, 204, 102);">)</span>;</div>\n				</li>\n				<li style="margin: 0px; padding: 0px; border: 0px; font-size: 14px; font: inherit; vertical-align: baseline; font-family: ''Courier New'', Courier, monospace; color: black;">\n					<div style="margin: 0px; padding: 0px; border: 0px; font-size: 14px; font: inherit; vertical-align: baseline; color: rgb(17, 17, 17) !important;">\n						&nbsp;</div>\n				</li>\n				<li style="margin: 0px; padding: 0px; border: 0px; font-size: 14px; font: inherit; vertical-align: baseline; font-family: ''Courier New'', Courier, monospace; color: black;">\n					<div style="margin: 0px; padding: 0px; border: 0px; font-size: 14px; font: inherit; vertical-align: baseline; color: rgb(17, 17, 17) !important;">\n						<span style="margin: 0px; padding: 0px; border: 0px; font-size: 14px; font: inherit; vertical-align: baseline; color: rgb(128, 128, 128); font-style: italic;">// Сотрудник наследует от гостя</span></div>\n				</li>\n				<li style="margin: 0px; padding: 0px; border: 0px; font-size: 14px; font: inherit; vertical-align: baseline; font-family: ''Courier New'', Courier, monospace; color: black;">\n					<div style="margin: 0px; padding: 0px; border: 0px; font-size: 14px; font: inherit; vertical-align: baseline; color: rgb(17, 17, 17) !important;">\n						<span style="margin: 0px; padding: 0px; border: 0px; font-size: 14px; font: inherit; vertical-align: baseline; color: rgb(0, 0, 255);">$acl</span>-&gt;<span style="margin: 0px; padding: 0px; border: 0px; font-size: 14px; font: inherit; vertical-align: baseline; color: rgb(0, 102, 0);">addRole</span><span style="margin: 0px; padding: 0px; border: 0px; font-size: 14px; font: inherit; vertical-align: baseline; color: rgb(102, 204, 102);">(</span><span style="margin: 0px; padding: 0px; border: 0px; font-size: 14px; font: inherit; vertical-align: baseline; color: rgb(0, 0, 0); font-weight: bold;">new</span>&nbsp;Zend_Acl_Role<span style="margin: 0px; padding: 0px; border: 0px; font-size: 14px; font: inherit; vertical-align: baseline; color: rgb(102, 204, 102);">(</span><span style="margin: 0px; padding: 0px; border: 0px; font-size: 14px; font: inherit; vertical-align: baseline; color: rgb(255, 0, 0);">&#39;staff&#39;</span><span style="margin: 0px; padding: 0px; border: 0px; font-size: 14px; font: inherit; vertical-align: baseline; color: rgb(102, 204, 102);">)</span>,&nbsp;<span style="margin: 0px; padding: 0px; border: 0px; font-size: 14px; font: inherit; vertical-align: baseline; color: rgb(0, 0, 255);">$roleGuest</span><span style="margin: 0px; padding: 0px; border: 0px; font-size: 14px; font: inherit; vertical-align: baseline; color: rgb(102, 204, 102);">)</span>;</div>\n				</li>\n				<li style="margin: 0px; padding: 0px; border: 0px; font-size: 14px; font: inherit; vertical-align: baseline; font-family: ''Courier New'', Courier, monospace; color: black;">\n					<div style="margin: 0px; padding: 0px; border: 0px; font-size: 14px; font: inherit; vertical-align: baseline; color: rgb(17, 17, 17) !important;">\n						&nbsp;</div>\n				</li>\n				<li style="margin: 0px; padding: 0px; border: 0px; font-size: 14px; font: inherit; vertical-align: baseline; font-family: ''Courier New'', Courier, monospace; color: black;">\n					<div style="margin: 0px; padding: 0px; border: 0px; font-size: 14px; font: inherit; vertical-align: baseline; color: rgb(17, 17, 17) !important;">\n						<span style="margin: 0px; padding: 0px; border: 0px; font-size: 14px; font: inherit; vertical-align: baseline; color: rgb(128, 128, 128); font-style: italic;">/*</span></div>\n				</li>\n				<li style="margin: 0px; padding: 0px; border: 0px; font-size: 14px; font: inherit; vertical-align: baseline; font-family: ''Courier New'', Courier, monospace; color: black;">\n					<div style="margin: 0px; padding: 0px; border: 0px; font-size: 14px; font: inherit; vertical-align: baseline; color: rgb(17, 17, 17) !important;">\n						<span style="margin: 0px; padding: 0px; border: 0px; font-size: 14px; font: inherit; vertical-align: baseline; color: rgb(128, 128, 128); font-style: italic;">Делает то же самое, что и</span></div>\n				</li>\n				<li style="margin: 0px; padding: 0px; border: 0px; font-size: 14px; font: inherit; vertical-align: baseline; font-family: ''Courier New'', Courier, monospace; color: black;">\n					<div style="margin: 0px; padding: 0px; border: 0px; font-size: 14px; font: inherit; vertical-align: baseline; color: rgb(17, 17, 17) !important;">\n						<span style="margin: 0px; padding: 0px; border: 0px; font-size: 14px; font: inherit; vertical-align: baseline; color: rgb(128, 128, 128); font-style: italic;">$acl-&gt;addRole(new Zend_Acl_Role(&#39;staff&#39;), &#39;guest&#39;);</span></div>\n				</li>\n				<li style="margin: 0px; padding: 0px; border: 0px; font-size: 14px; font: inherit; vertical-align: baseline; font-family: ''Courier New'', Courier, monospace; color: black;">\n					<div style="margin: 0px; padding: 0px; border: 0px; font-size: 14px; font: inherit; vertical-align: baseline; color: rgb(17, 17, 17) !important;">\n						<span style="margin: 0px; padding: 0px; border: 0px; font-size: 14px; font: inherit; vertical-align: baseline; color: rgb(128, 128, 128); font-style: italic;">*/</span></div>\n				</li>\n				<li style="margin: 0px; padding: 0px; border: 0px; font-size: 14px; font: inherit; vertical-align: baseline; font-family: ''Courier New'', Courier, monospace; color: black;">\n					<div style="margin: 0px; padding: 0px; border: 0px; font-size: 14px; font: inherit; vertical-align: baseline; color: rgb(17, 17, 17) !important;">\n						&nbsp;</div>\n				</li>\n				<li style="margin: 0px; padding: 0px; border: 0px; font-size: 14px; font: inherit; vertical-align: baseline; font-family: ''Courier New'', Courier, monospace; color: black;">\n					<div style="margin: 0px; padding: 0px; border: 0px; font-size: 14px; font: inherit; vertical-align: baseline; color: rgb(17, 17, 17) !important;">\n						<span style="margin: 0px; padding: 0px; border: 0px; font-size: 14px; font: inherit; vertical-align: baseline; color: rgb(128, 128, 128); font-style: italic;">// Редактор наследует от сотрудника</span></div>\n				</li>\n				<li style="margin: 0px; padding: 0px; border: 0px; font-size: 14px; font: inherit; vertical-align: baseline; font-family: ''Courier New'', Courier, monospace; color: black;">\n					<div style="margin: 0px; padding: 0px; border: 0px; font-size: 14px; font: inherit; vertical-align: baseline; color: rgb(17, 17, 17) !important;">\n						<span style="margin: 0px; padding: 0px; border: 0px; font-size: 14px; font: inherit; vertical-align: baseline; color: rgb(0, 0, 255);">$acl</span>-&gt;<span style="margin: 0px; padding: 0px; border: 0px; font-size: 14px; font: inherit; vertical-align: baseline; color: rgb(0, 102, 0);">addRole</span><span style="margin: 0px; padding: 0px; border: 0px; font-size: 14px; font: inherit; vertical-align: baseline; color: rgb(102, 204, 102);">(</span><span style="margin: 0px; padding: 0px; border: 0px; font-size: 14px; font: inherit; vertical-align: baseline; color: rgb(0, 0, 0); font-weight: bold;">new</span>&nbsp;Zend_Acl_Role<span style="margin: 0px; padding: 0px; border: 0px; font-size: 14px; font: inherit; vertical-align: baseline; color: rgb(102, 204, 102);">(</span><span style="margin: 0px; padding: 0px; border: 0px; font-size: 14px; font: inherit; vertical-align: baseline; color: rgb(255, 0, 0);">&#39;editor&#39;</span><span style="margin: 0px; padding: 0px; border: 0px; font-size: 14px; font: inherit; vertical-align: baseline; color: rgb(102, 204, 102);">)</span>,&nbsp;<span style="margin: 0px; padding: 0px; border: 0px; font-size: 14px; font: inherit; vertical-align: baseline; color: rgb(255, 0, 0);">&#39;staff&#39;</span><span style="margin: 0px; padding: 0px; border: 0px; font-size: 14px; font: inherit; vertical-align: baseline; color: rgb(102, 204, 102);">)</span>;</div>\n				</li>\n				<li style="margin: 0px; padding: 0px; border: 0px; font-size: 14px; font: inherit; vertical-align: baseline; font-family: ''Courier New'', Courier, monospace; color: black;">\n					<div style="margin: 0px; padding: 0px; border: 0px; font-size: 14px; font: inherit; vertical-align: baseline; color: rgb(17, 17, 17) !important;">\n						&nbsp;</div>\n				</li>\n				<li style="margin: 0px; padding: 0px; border: 0px; font-size: 14px; font: inherit; vertical-align: baseline; font-family: ''Courier New'', Courier, monospace; color: black;">\n					<div style="margin: 0px; padding: 0px; border: 0px; font-size: 14px; font: inherit; vertical-align: baseline; color: rgb(17, 17, 17) !important;">\n						<span style="margin: 0px; padding: 0px; border: 0px; font-size: 14px; font: inherit; vertical-align: baseline; color: rgb(128, 128, 128); font-style: italic;">// Администатор не наследует управление доступом</span></div>\n				</li>\n				<li style="margin: 0px; padding: 0px; border: 0px; font-size: 14px; font: inherit; vertical-align: baseline; font-family: ''Courier New'', Courier, monospace; color: black;">\n					<div style="margin: 0px; padding: 0px; border: 0px; font-size: 14px; font: inherit; vertical-align: baseline; color: rgb(17, 17, 17) !important;">\n						<span style="margin: 0px; padding: 0px; border: 0px; font-size: 14px; font: inherit; vertical-align: baseline; color: rgb(0, 0, 255);">$acl</span>-&gt;<span style="margin: 0px; padding: 0px; border: 0px; font-size: 14px; font: inherit; vertical-align: baseline; color: rgb(0, 102, 0);">addRole</span><span style="margin: 0px; padding: 0px; border: 0px; font-size: 14px; font: inherit; vertical-align: baseline; color: rgb(102, 204, 102);">(</span><span style="margin: 0px; padding: 0px; border: 0px; font-size: 14px; font: inherit; vertical-align: baseline; color: rgb(0, 0, 0); font-weight: bold;">new</span>&nbsp;Zend_Acl_Role<span style="margin: 0px; padding: 0px; border: 0px; font-size: 14px; font: inherit; vertical-align: baseline; color: rgb(102, 204, 102);">(</span><span style="margin: 0px; padding: 0px; border: 0px; font-size: 14px; font: inherit; vertical-align: baseline; color: rgb(255, 0, 0);">&#39;administrator&#39;</span><span style="margin: 0px; padding: 0px; border: 0px; font-size: 14px; font: inherit; vertical-align: baseline; color: rgb(102, 204, 102);">)</span><span style="margin: 0px; padding: 0px; border: 0px; font-size: 14px; font: inherit; vertical-align: baseline; color: rgb(102, 204, 102);">)</span>;</div>\n				</li>\n			</ol>\n		</div>\n	</div>\n</div>\n<p>\n	&nbsp;</p>\n', '<p>\n	&nbsp;</p>\n<div class="info" style="margin: 0px; padding: 0px; border: 0px; font-size: medium; font: inherit; vertical-align: baseline; color: rgb(0, 0, 0); font-family: ''Times New Roman''; line-height: 16px;">\n	<h1 class="title" style="margin: 1.25em 0px 0.5em; padding: 0px; border-width: 0px 0px 1px; border-bottom-style: solid; border-bottom-color: rgb(209, 221, 224); font-size: 1.4em; font: inherit; vertical-align: baseline; cursor: default; color: rgb(3, 152, 202); font-family: Museo700Regular;">\n		Регистрация ролей&nbsp;<a class="title-link-anchor" href="http://framework.zend.com/manual/1.12/ru/zend.acl.introduction.html#zend.acl.introduction.role_registry" style="margin: 0px; padding: 0px; border: 0px; font-size: 0.8em; font: inherit; vertical-align: baseline; font-family: MuseoSans500Regular; color: rgb(221, 221, 221); text-decoration: initial;">&para;</a></h1>\n</div>\n<p class="para" style="margin: 0px 0px 1em; padding: 0px; border: 0px; font-size: medium; font: inherit; vertical-align: baseline; color: rgb(79, 78, 78); font-family: MuseoSans500Regular; line-height: 20px;">\n	<acronym class="acronym" style="margin: 0px; padding: 0px; border: 0px; font-size: 16px; font: inherit; vertical-align: baseline;">CMS</acronym>&nbsp;почти всегда нуждаются в иерархии доступа для определения авторских возможностей своих пользователей. Это может быть группа &quot;Гость&quot;, предоставляющая ограниченный доступ для демонстрации, группа &quot;Сотрудник&quot; - группа большинства пользователей&nbsp;<acronym class="acronym" style="margin: 0px; padding: 0px; border: 0px; font-size: 16px; font: inherit; vertical-align: baseline;">CMS</acronym>, которые производят каждодневные операции, группа &quot;Редактор&quot; - для тех кто публикует и редактирует, архивирует и удаляет контент, и, наконец, группа &quot;Администратор&quot;, участники которой могут выполнять все операции, которые доступны участникам других групп, а также управлять закрытой информацией, пользователями, конфигурацией адинистративной части, делать резервное копирование данных и их экспорт. Этот &nbsp;набор прав доступа может быть представлен в реестре ролей, позволяя каждой группе наследовать привилегии родительской группы, при этом имея индивидуальные права доступа.&nbsp;</p>\n<p>\n	&nbsp;</p>\n', '2012-11-20 12:00:00', 52);
INSERT INTO `news` (`new_id`, `title`, `text`, `announce`, `date`, `page_id`) VALUES
(6, 'Определение контроля доступа', '<p>\n	&nbsp;</p>\n<div class="section" id="zend.acl.introduction.defining" name="zend.acl.introduction.defining" style="margin: 0px; padding: 0px; border: 0px; font-size: medium; font: inherit; vertical-align: baseline; color: rgb(0, 0, 0); font-family: ''Times New Roman''; line-height: 16px;">\n	<div class="info" style="margin: 0px; padding: 0px; border: 0px; font-size: 16px; font: inherit; vertical-align: baseline;">\n		<h1 class="title" style="margin: 1.25em 0px 0.5em; padding: 0px; border-width: 0px 0px 1px; border-bottom-style: solid; border-bottom-color: rgb(209, 221, 224); font-size: 1.4em; font: inherit; vertical-align: baseline; cursor: default; color: rgb(3, 152, 202); font-family: Museo700Regular;">\n			Определение контроля доступа&nbsp;<a class="title-link-anchor" href="http://framework.zend.com/manual/1.12/ru/zend.acl.introduction.html#zend.acl.introduction.defining" style="margin: 0px; padding: 0px; border: 0px; font-size: 0.8em; font: inherit; vertical-align: baseline; font-family: MuseoSans500Regular; color: rgb(221, 221, 221); text-decoration: initial;">&para;</a></h1>\n	</div>\n	<p class="para" style="margin: 0px 0px 1em; padding: 0px; border: 0px; font-size: 16px; font: inherit; vertical-align: baseline; color: rgb(79, 78, 78); font-family: MuseoSans500Regular; line-height: 20px;">\n		Теперь, когда&nbsp;<acronym class="acronym" style="margin: 0px; padding: 0px; border: 0px; font-size: 16px; font: inherit; vertical-align: baseline;">ACL</acronym>&nbsp;содержит все необходимые роли, можно определить правила, по которым роли будут иметь доступ к ресурсам. Вы, должно быть, заметили, что мы не определили ни одного отдельного ресурса для этого примера, это упрощает демонстрацию того, чт о правила применяются ко всем ресурсам.&nbsp;<span class="classname" style="margin: 0px; padding: 0px; border: 0px; font-size: 14px; font: inherit; vertical-align: baseline; font-family: consolas, ''lucida console'', monospace, fixed; font-weight: bold; color: rgb(0, 0, 0);">Zend_Acl</span>&nbsp;предоставляет реализацию, посредством которой правила должны передаваться от общих к специфическим, минимизируя таким образом количество необходимых правил, так как ресурсы и роли наследуют правила, которые определены для их предков.</p>\n	<blockquote style="margin: 1.5em 0px; padding: 1.25em 1.25em 0.75em; border: 1px solid rgb(170, 170, 119); font-size: 18px; font: inherit; vertical-align: baseline; quotes: none; font-family: MuseoSans500Regular; background-image: none; background-attachment: scroll; background-color: rgb(255, 255, 221); box-shadow: rgba(0, 0, 0, 0.247059) 0px 1px 8px; -webkit-box-shadow: rgba(0, 0, 0, 0.247059) 0px 1px 8px; background-position: 0px 0px; background-repeat: repeat repeat;">\n		<p style="margin: 0px 0px 1em; padding: 0px; border: 0px; font-size: 16px; font: inherit; vertical-align: baseline; color: rgb(79, 78, 78); line-height: 20px;">\n			<b class="note" style="margin: 1em 0px; padding: 0.5em 1em; border: 1px solid rgb(255, 255, 255); font-size: 16px; font: inherit; vertical-align: baseline; background-color: rgb(228, 228, 228); border-top-left-radius: 20px; border-top-right-radius: 20px; border-bottom-right-radius: 20px; border-bottom-left-radius: 20px;">Замечание</b>: В целом,&nbsp;<span class="classname" style="margin: 0px; padding: 0px; border: 0px; font-size: 14px; font: inherit; vertical-align: baseline; font-family: consolas, ''lucida console'', monospace, fixed; font-weight: bold; color: rgb(0, 0, 0);">Zend_Acl</span>&nbsp;подчиняется правилу, только если более точное правило не применимо.&nbsp;</p>\n	</blockquote>\n	<p class="para" style="margin: 0px 0px 1em; padding: 0px; border: 0px; font-size: 16px; font: inherit; vertical-align: baseline; color: rgb(79, 78, 78); font-family: MuseoSans500Regular; line-height: 20px;">\n		В результате мы можем определить умеренно сложный набор правил минимальным кодом. Чтобы определить базовые права доступа, описанные выше:</p>\n	<div class="programlisting php" style="margin: 1.5em 0px; padding: 1em 1.25em 0.75em; border: 1px solid rgb(170, 170, 170); font: inherit; vertical-align: baseline; background-color: rgb(250, 251, 252); font-family: Consolas, ''Lucida Console'', monospace; overflow: auto; box-shadow: rgba(0, 0, 0, 0.298039) 0px 1px 8px; -webkit-box-shadow: rgba(0, 0, 0, 0.247059) 0px 1px 8px;">\n		<div class="phpcode" style="margin: 0px; padding: 0px; border: 0px; font: inherit; vertical-align: baseline;">\n			<div class="php" style="margin: 0px; padding: 0px; border: 0px; font: inherit; vertical-align: baseline; font-family: monospace; color: rgb(17, 17, 17) !important;">\n				<ol style="margin: 0px; padding-right: 0px; padding-bottom: 1em; padding-left: 25px; border: 0px; font-size: 16px; font: inherit; vertical-align: baseline; list-style-position: outside; list-style-image: initial; color: rgb(79, 78, 78); font-family: MuseoSans500Regular; line-height: 20px;">\n					<li style="margin: 0px; padding: 0px; border: 0px; font-size: 14px; font: inherit; vertical-align: baseline; font-family: ''Courier New'', Courier, monospace; color: black;">\n						<div style="margin: 0px; padding: 0px; border: 0px; font-size: 14px; font: inherit; vertical-align: baseline; color: rgb(17, 17, 17) !important;">\n							<span style="margin: 0px; padding: 0px; border: 0px; font-size: 14px; font: inherit; vertical-align: baseline; color: rgb(0, 0, 0); font-weight: bold;"><!--?php</span--></span></div>\n					</li>\n					<li style="margin: 0px; padding: 0px; border: 0px; font-size: 14px; font: inherit; vertical-align: baseline; font-family: ''Courier New'', Courier, monospace; color: black;">\n						<div style="margin: 0px; padding: 0px; border: 0px; font-size: 14px; font: inherit; vertical-align: baseline; color: rgb(17, 17, 17) !important;">\n							<span style="margin: 0px; padding: 0px; border: 0px; font-size: 14px; font: inherit; vertical-align: baseline; color: rgb(177, 177, 0);">require_once</span>&nbsp;<span style="margin: 0px; padding: 0px; border: 0px; font-size: 14px; font: inherit; vertical-align: baseline; color: rgb(255, 0, 0);">&#39;Zend/Acl.php&#39;</span>;</div>\n					</li>\n					<li style="margin: 0px; padding: 0px; border: 0px; font-size: 14px; font: inherit; vertical-align: baseline; font-family: ''Courier New'', Courier, monospace; color: black;">\n						<div style="margin: 0px; padding: 0px; border: 0px; font-size: 14px; font: inherit; vertical-align: baseline; color: rgb(17, 17, 17) !important;">\n							&nbsp;</div>\n					</li>\n					<li style="margin: 0px; padding: 0px; border: 0px; font-size: 14px; font: inherit; vertical-align: baseline; font-family: ''Courier New'', Courier, monospace; color: black;">\n						<div style="margin: 0px; padding: 0px; border: 0px; font-size: 14px; font: inherit; vertical-align: baseline; color: rgb(17, 17, 17) !important;">\n							<span style="margin: 0px; padding: 0px; border: 0px; font-size: 14px; font: inherit; vertical-align: baseline; color: rgb(0, 0, 255);">$acl</span>&nbsp;=&nbsp;<span style="margin: 0px; padding: 0px; border: 0px; font-size: 14px; font: inherit; vertical-align: baseline; color: rgb(0, 0, 0); font-weight: bold;">new</span>&nbsp;Zend_Acl<span style="margin: 0px; padding: 0px; border: 0px; font-size: 14px; font: inherit; vertical-align: baseline; color: rgb(102, 204, 102);">(</span><span style="margin: 0px; padding: 0px; border: 0px; font-size: 14px; font: inherit; vertical-align: baseline; color: rgb(102, 204, 102);">)</span>;</div>\n					</li>\n					<li style="margin: 0px; padding: 0px; border: 0px; font-size: 14px; font: inherit; vertical-align: baseline; font-family: ''Courier New'', Courier, monospace; color: black;">\n						<div style="margin: 0px; padding: 0px; border: 0px; font-size: 14px; font: inherit; vertical-align: baseline; color: rgb(17, 17, 17) !important;">\n							&nbsp;</div>\n					</li>\n					<li style="margin: 0px; padding: 0px; border: 0px; font-size: 14px; font: inherit; vertical-align: baseline; font-family: ''Courier New'', Courier, monospace; color: black;">\n						<div style="margin: 0px; padding: 0px; border: 0px; font-size: 14px; font: inherit; vertical-align: baseline; color: rgb(17, 17, 17) !important;">\n							<span style="margin: 0px; padding: 0px; border: 0px; font-size: 14px; font: inherit; vertical-align: baseline; color: rgb(177, 177, 0);">require_once</span>&nbsp;<span style="margin: 0px; padding: 0px; border: 0px; font-size: 14px; font: inherit; vertical-align: baseline; color: rgb(255, 0, 0);">&#39;Zend/Acl/Role.php&#39;</span>;</div>\n					</li>\n					<li style="margin: 0px; padding: 0px; border: 0px; font-size: 14px; font: inherit; vertical-align: baseline; font-family: ''Courier New'', Courier, monospace; color: black;">\n						<div style="margin: 0px; padding: 0px; border: 0px; font-size: 14px; font: inherit; vertical-align: baseline; color: rgb(17, 17, 17) !important;">\n							&nbsp;</div>\n					</li>\n					<li style="margin: 0px; padding: 0px; border: 0px; font-size: 14px; font: inherit; vertical-align: baseline; font-family: ''Courier New'', Courier, monospace; color: black;">\n						<div style="margin: 0px; padding: 0px; border: 0px; font-size: 14px; font: inherit; vertical-align: baseline; color: rgb(17, 17, 17) !important;">\n							<span style="margin: 0px; padding: 0px; border: 0px; font-size: 14px; font: inherit; vertical-align: baseline; color: rgb(0, 0, 255);">$roleGuest</span>&nbsp;=&nbsp;<span style="margin: 0px; padding: 0px; border: 0px; font-size: 14px; font: inherit; vertical-align: baseline; color: rgb(0, 0, 0); font-weight: bold;">new</span>&nbsp;Zend_Acl_Role<span style="margin: 0px; padding: 0px; border: 0px; font-size: 14px; font: inherit; vertical-align: baseline; color: rgb(102, 204, 102);">(</span><span style="margin: 0px; padding: 0px; border: 0px; font-size: 14px; font: inherit; vertical-align: baseline; color: rgb(255, 0, 0);">&#39;guest&#39;</span><span style="margin: 0px; padding: 0px; border: 0px; font-size: 14px; font: inherit; vertical-align: baseline; color: rgb(102, 204, 102);">)</span>;</div>\n					</li>\n					<li style="margin: 0px; padding: 0px; border: 0px; font-size: 14px; font: inherit; vertical-align: baseline; font-family: ''Courier New'', Courier, monospace; color: black;">\n						<div style="margin: 0px; padding: 0px; border: 0px; font-size: 14px; font: inherit; vertical-align: baseline; color: rgb(17, 17, 17) !important;">\n							<span style="margin: 0px; padding: 0px; border: 0px; font-size: 14px; font: inherit; vertical-align: baseline; color: rgb(0, 0, 255);">$acl</span>-&gt;<span style="margin: 0px; padding: 0px; border: 0px; font-size: 14px; font: inherit; vertical-align: baseline; color: rgb(0, 102, 0);">addRole</span><span style="margin: 0px; padding: 0px; border: 0px; font-size: 14px; font: inherit; vertical-align: baseline; color: rgb(102, 204, 102);">(</span><span style="margin: 0px; padding: 0px; border: 0px; font-size: 14px; font: inherit; vertical-align: baseline; color: rgb(0, 0, 255);">$roleGuest</span><span style="margin: 0px; padding: 0px; border: 0px; font-size: 14px; font: inherit; vertical-align: baseline; color: rgb(102, 204, 102);">)</span>;</div>\n					</li>\n					<li style="margin: 0px; padding: 0px; border: 0px; font-size: 14px; font: inherit; vertical-align: baseline; font-family: ''Courier New'', Courier, monospace; color: black;">\n						<div style="margin: 0px; padding: 0px; border: 0px; font-size: 14px; font: inherit; vertical-align: baseline; color: rgb(17, 17, 17) !important;">\n							<span style="margin: 0px; padding: 0px; border: 0px; font-size: 14px; font: inherit; vertical-align: baseline; color: rgb(0, 0, 255);">$acl</span>-&gt;<span style="margin: 0px; padding: 0px; border: 0px; font-size: 14px; font: inherit; vertical-align: baseline; color: rgb(0, 102, 0);">addRole</span><span style="margin: 0px; padding: 0px; border: 0px; font-size: 14px; font: inherit; vertical-align: baseline; color: rgb(102, 204, 102);">(</span><span style="margin: 0px; padding: 0px; border: 0px; font-size: 14px; font: inherit; vertical-align: baseline; color: rgb(0, 0, 0); font-weight: bold;">new</span>&nbsp;Zend_Acl_Role<span style="margin: 0px; padding: 0px; border: 0px; font-size: 14px; font: inherit; vertical-align: baseline; color: rgb(102, 204, 102);">(</span><span style="margin: 0px; padding: 0px; border: 0px; font-size: 14px; font: inherit; vertical-align: baseline; color: rgb(255, 0, 0);">&#39;staff&#39;</span><span style="margin: 0px; padding: 0px; border: 0px; font-size: 14px; font: inherit; vertical-align: baseline; color: rgb(102, 204, 102);">)</span>,&nbsp;<span style="margin: 0px; padding: 0px; border: 0px; font-size: 14px; font: inherit; vertical-align: baseline; color: rgb(0, 0, 255);">$roleGuest</span><span style="margin: 0px; padding: 0px; border: 0px; font-size: 14px; font: inherit; vertical-align: baseline; color: rgb(102, 204, 102);">)</span>;</div>\n					</li>\n					<li style="margin: 0px; padding: 0px; border: 0px; font-size: 14px; font: inherit; vertical-align: baseline; font-family: ''Courier New'', Courier, monospace; color: black;">\n						<div style="margin: 0px; padding: 0px; border: 0px; font-size: 14px; font: inherit; vertical-align: baseline; color: rgb(17, 17, 17) !important;">\n							<span style="margin: 0px; padding: 0px; border: 0px; font-size: 14px; font: inherit; vertical-align: baseline; color: rgb(0, 0, 255);">$acl</span>-&gt;<span style="margin: 0px; padding: 0px; border: 0px; font-size: 14px; font: inherit; vertical-align: baseline; color: rgb(0, 102, 0);">addRole</span><span style="margin: 0px; padding: 0px; border: 0px; font-size: 14px; font: inherit; vertical-align: baseline; color: rgb(102, 204, 102);">(</span><span style="margin: 0px; padding: 0px; border: 0px; font-size: 14px; font: inherit; vertical-align: baseline; color: rgb(0, 0, 0); font-weight: bold;">new</span>&nbsp;Zend_Acl_Role<span style="margin: 0px; padding: 0px; border: 0px; font-size: 14px; font: inherit; vertical-align: baseline; color: rgb(102, 204, 102);">(</span><span style="margin: 0px; padding: 0px; border: 0px; font-size: 14px; font: inherit; vertical-align: baseline; color: rgb(255, 0, 0);">&#39;editor&#39;</span><span style="margin: 0px; padding: 0px; border: 0px; font-size: 14px; font: inherit; vertical-align: baseline; color: rgb(102, 204, 102);">)</span>,&nbsp;<span style="margin: 0px; padding: 0px; border: 0px; font-size: 14px; font: inherit; vertical-align: baseline; color: rgb(255, 0, 0);">&#39;staff&#39;</span><span style="margin: 0px; padding: 0px; border: 0px; font-size: 14px; font: inherit; vertical-align: baseline; color: rgb(102, 204, 102);">)</span>;</div>\n					</li>\n					<li style="margin: 0px; padding: 0px; border: 0px; font-size: 14px; font: inherit; vertical-align: baseline; font-family: ''Courier New'', Courier, monospace; color: black;">\n						<div style="margin: 0px; padding: 0px; border: 0px; font-size: 14px; font: inherit; vertical-align: baseline; color: rgb(17, 17, 17) !important;">\n							<span style="margin: 0px; padding: 0px; border: 0px; font-size: 14px; font: inherit; vertical-align: baseline; color: rgb(0, 0, 255);">$acl</span>-&gt;<span style="margin: 0px; padding: 0px; border: 0px; font-size: 14px; font: inherit; vertical-align: baseline; color: rgb(0, 102, 0);">addRole</span><span style="margin: 0px; padding: 0px; border: 0px; font-size: 14px; font: inherit; vertical-align: baseline; color: rgb(102, 204, 102);">(</span><span style="margin: 0px; padding: 0px; border: 0px; font-size: 14px; font: inherit; vertical-align: baseline; color: rgb(0, 0, 0); font-weight: bold;">new</span>&nbsp;Zend_Acl_Role<span style="margin: 0px; padding: 0px; border: 0px; font-size: 14px; font: inherit; vertical-align: baseline; color: rgb(102, 204, 102);">(</span><span style="margin: 0px; padding: 0px; border: 0px; font-size: 14px; font: inherit; vertical-align: baseline; color: rgb(255, 0, 0);">&#39;administrator&#39;</span><span style="margin: 0px; padding: 0px; border: 0px; font-size: 14px; font: inherit; vertical-align: baseline; color: rgb(102, 204, 102);">)</span><span style="margin: 0px; padding: 0px; border: 0px; font-size: 14px; font: inherit; vertical-align: baseline; color: rgb(102, 204, 102);">)</span>;</div>\n					</li>\n					<li style="margin: 0px; padding: 0px; border: 0px; font-size: 14px; font: inherit; vertical-align: baseline; font-family: ''Courier New'', Courier, monospace; color: black;">\n						<div style="margin: 0px; padding: 0px; border: 0px; font-size: 14px; font: inherit; vertical-align: baseline; color: rgb(17, 17, 17) !important;">\n							&nbsp;</div>\n					</li>\n					<li style="margin: 0px; padding: 0px; border: 0px; font-size: 14px; font: inherit; vertical-align: baseline; font-family: ''Courier New'', Courier, monospace; color: black;">\n						<div style="margin: 0px; padding: 0px; border: 0px; font-size: 14px; font: inherit; vertical-align: baseline; color: rgb(17, 17, 17) !important;">\n							<span style="margin: 0px; padding: 0px; border: 0px; font-size: 14px; font: inherit; vertical-align: baseline; color: rgb(128, 128, 128); font-style: italic;">// Гость может только просматривать контент</span></div>\n					</li>\n					<li style="margin: 0px; padding: 0px; border: 0px; font-size: 14px; font: inherit; vertical-align: baseline; font-family: ''Courier New'', Courier, monospace; color: black;">\n						<div style="margin: 0px; padding: 0px; border: 0px; font-size: 14px; font: inherit; vertical-align: baseline; color: rgb(17, 17, 17) !important;">\n							<span style="margin: 0px; padding: 0px; border: 0px; font-size: 14px; font: inherit; vertical-align: baseline; color: rgb(0, 0, 255);">$acl</span>-&gt;<span style="margin: 0px; padding: 0px; border: 0px; font-size: 14px; font: inherit; vertical-align: baseline; color: rgb(0, 102, 0);">allow</span><span style="margin: 0px; padding: 0px; border: 0px; font-size: 14px; font: inherit; vertical-align: baseline; color: rgb(102, 204, 102);">(</span><span style="margin: 0px; padding: 0px; border: 0px; font-size: 14px; font: inherit; vertical-align: baseline; color: rgb(0, 0, 255);">$roleGuest</span>,&nbsp;<span style="margin: 0px; padding: 0px; border: 0px; font-size: 14px; font: inherit; vertical-align: baseline; color: rgb(0, 0, 0); font-weight: bold;">null</span>,&nbsp;<span style="margin: 0px; padding: 0px; border: 0px; font-size: 14px; font: inherit; vertical-align: baseline; color: rgb(255, 0, 0);">&#39;view&#39;</span><span style="margin: 0px; padding: 0px; border: 0px; font-size: 14px; font: inherit; vertical-align: baseline; color: rgb(102, 204, 102);">)</span>;</div>\n					</li>\n					<li style="margin: 0px; padding: 0px; border: 0px; font-size: 14px; font: inherit; vertical-align: baseline; font-family: ''Courier New'', Courier, monospace; color: black;">\n						<div style="margin: 0px; padding: 0px; border: 0px; font-size: 14px; font: inherit; vertical-align: baseline; color: rgb(17, 17, 17) !important;">\n							&nbsp;</div>\n					</li>\n					<li style="margin: 0px; padding: 0px; border: 0px; font-size: 14px; font: inherit; vertical-align: baseline; font-family: ''Courier New'', Courier, monospace; color: black;">\n						<div style="margin: 0px; padding: 0px; border: 0px; font-size: 14px; font: inherit; vertical-align: baseline; color: rgb(17, 17, 17) !important;">\n							<span style="margin: 0px; padding: 0px; border: 0px; font-size: 14px; font: inherit; vertical-align: baseline; color: rgb(128, 128, 128); font-style: italic;">/* другим способом, предыдущий блок кода может быть записан в таком виде:</span></div>\n					</li>\n					<li style="margin: 0px; padding: 0px; border: 0px; font-size: 14px; font: inherit; vertical-align: baseline; font-family: ''Courier New'', Courier, monospace; color: black;">\n						<div style="margin: 0px; padding: 0px; border: 0px; font-size: 14px; font: inherit; vertical-align: baseline; color: rgb(17, 17, 17) !important;">\n							<span style="margin: 0px; padding: 0px; border: 0px; font-size: 14px; font: inherit; vertical-align: baseline; color: rgb(128, 128, 128); font-style: italic;">$acl-&gt;allow(&#39;guest&#39;, null, &#39;view&#39;);</span></div>\n					</li>\n					<li style="margin: 0px; padding: 0px; border: 0px; font-size: 14px; font: inherit; vertical-align: baseline; font-family: ''Courier New'', Courier, monospace; color: black;">\n						<div style="margin: 0px; padding: 0px; border: 0px; font-size: 14px; font: inherit; vertical-align: baseline; color: rgb(17, 17, 17) !important;">\n							<span style="margin: 0px; padding: 0px; border: 0px; font-size: 14px; font: inherit; vertical-align: baseline; color: rgb(128, 128, 128); font-style: italic;">//*/</span></div>\n					</li>\n					<li style="margin: 0px; padding: 0px; border: 0px; font-size: 14px; font: inherit; vertical-align: baseline; font-family: ''Courier New'', Courier, monospace; color: black;">\n						<div style="margin: 0px; padding: 0px; border: 0px; font-size: 14px; font: inherit; vertical-align: baseline; color: rgb(17, 17, 17) !important;">\n							&nbsp;</div>\n					</li>\n					<li style="margin: 0px; padding: 0px; border: 0px; font-size: 14px; font: inherit; vertical-align: baseline; font-family: ''Courier New'', Courier, monospace; color: black;">\n						<div style="margin: 0px; padding: 0px; border: 0px; font-size: 14px; font: inherit; vertical-align: baseline; color: rgb(17, 17, 17) !important;">\n							<span style="margin: 0px; padding: 0px; border: 0px; font-size: 14px; font: inherit; vertical-align: baseline; color: rgb(128, 128, 128); font-style: italic;">// Сотрудник наследует привилегии просмотра у Гостя,</span></div>\n					</li>\n					<li style="margin: 0px; padding: 0px; border: 0px; font-size: 14px; font: inherit; vertical-align: baseline; font-family: ''Courier New'', Courier, monospace; color: black;">\n						<div style="margin: 0px; padding: 0px; border: 0px; font-size: 14px; font: inherit; vertical-align: baseline; color: rgb(17, 17, 17) !important;">\n							<span style="margin: 0px; padding: 0px; border: 0px; font-size: 14px; font: inherit; vertical-align: baseline; color: rgb(128, 128, 128); font-style: italic;">// но также нуждается в дополнительных привилегиях</span></div>\n					</li>\n					<li style="margin: 0px; padding: 0px; border: 0px; font-size: 14px; font: inherit; vertical-align: baseline; font-family: ''Courier New'', Courier, monospace; color: black;">\n						<div style="margin: 0px; padding: 0px; border: 0px; font-size: 14px; font: inherit; vertical-align: baseline; color: rgb(17, 17, 17) !important;">\n							<span style="margin: 0px; padding: 0px; border: 0px; font-size: 14px; font: inherit; vertical-align: baseline; color: rgb(0, 0, 255);">$acl</span>-&gt;<span style="margin: 0px; padding: 0px; border: 0px; font-size: 14px; font: inherit; vertical-align: baseline; color: rgb(0, 102, 0);">allow</span><span style="margin: 0px; padding: 0px; border: 0px; font-size: 14px; font: inherit; vertical-align: baseline; color: rgb(102, 204, 102);">(</span><span style="margin: 0px; padding: 0px; border: 0px; font-size: 14px; font: inherit; vertical-align: baseline; color: rgb(255, 0, 0);">&#39;staff&#39;</span>,&nbsp;<span style="margin: 0px; padding: 0px; border: 0px; font-size: 14px; font: inherit; vertical-align: baseline; color: rgb(0, 0, 0); font-weight: bold;">null</span>,&nbsp;<a href="http://www.php.net/array" style="margin: 0px; padding: 0px; border: 0px; font-size: 14px; font: inherit; vertical-align: baseline; font-family: MuseoSans500Regular; color: rgb(0, 145, 213); text-decoration: initial;"><span style="margin: 0px; padding: 0px; border: 0px; font-size: 14px; font: inherit; vertical-align: baseline; color: rgb(0, 0, 102);">array</span></a><span style="margin: 0px; padding: 0px; border: 0px; font-size: 14px; font: inherit; vertical-align: baseline; color: rgb(102, 204, 102);">(</span><span style="margin: 0px; padding: 0px; border: 0px; font-size: 14px; font: inherit; vertical-align: baseline; color: rgb(255, 0, 0);">&#39;edit&#39;</span>,&nbsp;<span style="margin: 0px; padding: 0px; border: 0px; font-size: 14px; font: inherit; vertical-align: baseline; color: rgb(255, 0, 0);">&#39;submit&#39;</span>,&nbsp;<span style="margin: 0px; padding: 0px; border: 0px; font-size: 14px; font: inherit; vertical-align: baseline; color: rgb(255, 0, 0);">&#39;revise&#39;</span><span style="margin: 0px; padding: 0px; border: 0px; font-size: 14px; font: inherit; vertical-align: baseline; color: rgb(102, 204, 102);">)</span><span style="margin: 0px; padding: 0px; border: 0px; font-size: 14px; font: inherit; vertical-align: baseline; color: rgb(102, 204, 102);">)</span>;</div>\n					</li>\n					<li style="margin: 0px; padding: 0px; border: 0px; font-size: 14px; font: inherit; vertical-align: baseline; font-family: ''Courier New'', Courier, monospace; color: black;">\n						<div style="margin: 0px; padding: 0px; border: 0px; font-size: 14px; font: inherit; vertical-align: baseline; color: rgb(17, 17, 17) !important;">\n							&nbsp;</div>\n					</li>\n					<li style="margin: 0px; padding: 0px; border: 0px; font-size: 14px; font: inherit; vertical-align: baseline; font-family: ''Courier New'', Courier, monospace; color: black;">\n						<div style="margin: 0px; padding: 0px; border: 0px; font-size: 14px; font: inherit; vertical-align: baseline; color: rgb(17, 17, 17) !important;">\n							<span style="margin: 0px; padding: 0px; border: 0px; font-size: 14px; font: inherit; vertical-align: baseline; color: rgb(128, 128, 128); font-style: italic;">// Редактор наследует привилегии просмотра, редактирования,</span></div>\n					</li>\n					<li style="margin: 0px; padding: 0px; border: 0px; font-size: 14px; font: inherit; vertical-align: baseline; font-family: ''Courier New'', Courier, monospace; color: black;">\n						<div style="margin: 0px; padding: 0px; border: 0px; font-size: 14px; font: inherit; vertical-align: baseline; color: rgb(17, 17, 17) !important;">\n							<span style="margin: 0px; padding: 0px; border: 0px; font-size: 14px; font: inherit; vertical-align: baseline; color: rgb(128, 128, 128); font-style: italic;">// отправки и исправлений у Посетителя</span></div>\n					</li>\n					<li style="margin: 0px; padding: 0px; border: 0px; font-size: 14px; font: inherit; vertical-align: baseline; font-family: ''Courier New'', Courier, monospace; color: black;">\n						<div style="margin: 0px; padding: 0px; border: 0px; font-size: 14px; font: inherit; vertical-align: baseline; color: rgb(17, 17, 17) !important;">\n							<span style="margin: 0px; padding: 0px; border: 0px; font-size: 14px; font: inherit; vertical-align: baseline; color: rgb(128, 128, 128); font-style: italic;">// но также нуждается в дополнительных привилегиях</span></div>\n					</li>\n					<li style="margin: 0px; padding: 0px; border: 0px; font-size: 14px; font: inherit; vertical-align: baseline; font-family: ''Courier New'', Courier, monospace; color: black;">\n						<div style="margin: 0px; padding: 0px; border: 0px; font-size: 14px; font: inherit; vertical-align: baseline; color: rgb(17, 17, 17) !important;">\n							<span style="margin: 0px; padding: 0px; border: 0px; font-size: 14px; font: inherit; vertical-align: baseline; color: rgb(0, 0, 255);">$acl</span>-&gt;<span style="margin: 0px; padding: 0px; border: 0px; font-size: 14px; font: inherit; vertical-align: baseline; color: rgb(0, 102, 0);">allow</span><span style="margin: 0px; padding: 0px; border: 0px; font-size: 14px; font: inherit; vertical-align: baseline; color: rgb(102, 204, 102);">(</span><span style="margin: 0px; padding: 0px; border: 0px; font-size: 14px; font: inherit; vertical-align: baseline; color: rgb(255, 0, 0);">&#39;editor&#39;</span>,&nbsp;<span style="margin: 0px; padding: 0px; border: 0px; font-size: 14px; font: inherit; vertical-align: baseline; color: rgb(0, 0, 0); font-weight: bold;">null</span>,&nbsp;<a href="http://www.php.net/array" style="margin: 0px; padding: 0px; border: 0px; font-size: 14px; font: inherit; vertical-align: baseline; font-family: MuseoSans500Regular; color: rgb(0, 145, 213); text-decoration: initial;"><span style="margin: 0px; padding: 0px; border: 0px; font-size: 14px; font: inherit; vertical-align: baseline; color: rgb(0, 0, 102);">array</span></a><span style="margin: 0px; padding: 0px; border: 0px; font-size: 14px; font: inherit; vertical-align: baseline; color: rgb(102, 204, 102);">(</span><span style="margin: 0px; padding: 0px; border: 0px; font-size: 14px; font: inherit; vertical-align: baseline; color: rgb(255, 0, 0);">&#39;publish&#39;</span>,&nbsp;<span style="margin: 0px; padding: 0px; border: 0px; font-size: 14px; font: inherit; vertical-align: baseline; color: rgb(255, 0, 0);">&#39;archive&#39;</span>,&nbsp;<span style="margin: 0px; padding: 0px; border: 0px; font-size: 14px; font: inherit; vertical-align: baseline; color: rgb(255, 0, 0);">&#39;delete&#39;</span><span style="margin: 0px; padding: 0px; border: 0px; font-size: 14px; font: inherit; vertical-align: baseline; color: rgb(102, 204, 102);">)</span><span style="margin: 0px; padding: 0px; border: 0px; font-size: 14px; font: inherit; vertical-align: baseline; color: rgb(102, 204, 102);">)</span>;</div>\n					</li>\n					<li style="margin: 0px; padding: 0px; border: 0px; font-size: 14px; font: inherit; vertical-align: baseline; font-family: ''Courier New'', Courier, monospace; color: black;">\n						<div style="margin: 0px; padding: 0px; border: 0px; font-size: 14px; font: inherit; vertical-align: baseline; color: rgb(17, 17, 17) !important;">\n							&nbsp;</div>\n					</li>\n					<li style="margin: 0px; padding: 0px; border: 0px; font-size: 14px; font: inherit; vertical-align: baseline; font-family: ''Courier New'', Courier, monospace; color: black;">\n						<div style="margin: 0px; padding: 0px; border: 0px; font-size: 14px; font: inherit; vertical-align: baseline; color: rgb(17, 17, 17) !important;">\n							<span style="margin: 0px; padding: 0px; border: 0px; font-size: 14px; font: inherit; vertical-align: baseline; color: rgb(128, 128, 128); font-style: italic;">// Администратор не наследует ничего, но обладает всеми привилегиями</span></div>\n					</li>\n					<li style="margin: 0px; padding: 0px; border: 0px; font-size: 14px; font: inherit; vertical-align: baseline; font-family: ''Courier New'', Courier, monospace; color: black;">\n						<div style="margin: 0px; padding: 0px; border: 0px; font-size: 14px; font: inherit; vertical-align: baseline; color: rgb(17, 17, 17) !important;">\n							<span style="margin: 0px; padding: 0px; border: 0px; font-size: 14px; font: inherit; vertical-align: baseline; color: rgb(0, 0, 255);">$acl</span>-&gt;<span style="margin: 0px; padding: 0px; border: 0px; font-size: 14px; font: inherit; vertical-align: baseline; color: rgb(0, 102, 0);">allow</span><span style="margin: 0px; padding: 0px; border: 0px; font-size: 14px; font: inherit; vertical-align: baseline; color: rgb(102, 204, 102);">(</span><span style="margin: 0px; padding: 0px; border: 0px; font-size: 14px; font: inherit; vertical-align: baseline; color: rgb(255, 0, 0);">&#39;administrator&#39;</span><span style="margin: 0px; padding: 0px; border: 0px; font-size: 14px; font: inherit; vertical-align: baseline; color: rgb(102, 204, 102);">)</span>;</div>\n					</li>\n				</ol>\n			</div>\n		</div>\n	</div>\n	<p class="para" style="margin: 0px 0px 1em; padding: 0px; border: 0px; font-size: 16px; font: inherit; vertical-align: baseline; color: rgb(79, 78, 78); font-family: MuseoSans500Regular; line-height: 20px;">\n		Значение&nbsp;<b style="margin: 0px; padding: 0px; border: 0px; font-size: 16px; font: inherit; vertical-align: baseline;">NULL</b>&nbsp;в вызовах&nbsp;<span class="methodname" style="margin: 0px; padding: 0px; border: 0px; font-size: 14px; font: inherit; vertical-align: baseline; font-family: consolas, ''lucida console'', monospace, fixed; font-weight: bold; color: rgb(0, 0, 0);">allow()</span>&nbsp;в этом примере используется для указания того, что правила, предоставляющие доступ, действительны для всех ресурсов.</p>\n	<div>\n		&nbsp;</div>\n</div>\n<div class="section" id="zend.acl.introduction.querying" name="zend.acl.introduction.querying" style="margin: 0px; padding: 0px; border: 0px; font-size: medium; font: inherit; vertical-align: baseline; color: rgb(0, 0, 0); font-family: ''Times New Roman''; line-height: 16px;">\n	<div class="info" style="margin: 0px; padding: 0px; border: 0px; font-size: 16px; font: inherit; vertical-align: baseline;">\n		&nbsp;</div>\n</div>\n<p>\n	&nbsp;</p>\n', '<p>\n	&nbsp;</p>\n<div class="section" id="zend.acl.introduction.defining" name="zend.acl.introduction.defining" style="margin: 0px; padding: 0px; border: 0px; font-size: medium; font: inherit; vertical-align: baseline; color: rgb(0, 0, 0); font-family: ''Times New Roman''; line-height: 16px;">\n	<div class="info" style="margin: 0px; padding: 0px; border: 0px; font-size: 16px; font: inherit; vertical-align: baseline;">\n		<h1 class="title" style="margin: 1.25em 0px 0.5em; padding: 0px; border-width: 0px 0px 1px; border-bottom-style: solid; border-bottom-color: rgb(209, 221, 224); font-size: 1.4em; font: inherit; vertical-align: baseline; cursor: default; color: rgb(3, 152, 202); font-family: Museo700Regular;">\n			Определение контроля доступа&nbsp;<a class="title-link-anchor" href="http://framework.zend.com/manual/1.12/ru/zend.acl.introduction.html#zend.acl.introduction.defining" style="margin: 0px; padding: 0px; border: 0px; font-size: 0.8em; font: inherit; vertical-align: baseline; font-family: MuseoSans500Regular; color: rgb(221, 221, 221); text-decoration: initial;">&para;</a></h1>\n	</div>\n	<p class="para" style="margin: 0px 0px 1em; padding: 0px; border: 0px; font-size: 16px; font: inherit; vertical-align: baseline; color: rgb(79, 78, 78); font-family: MuseoSans500Regular; line-height: 20px;">\n		Теперь, когда&nbsp;<acronym class="acronym" style="margin: 0px; padding: 0px; border: 0px; font-size: 16px; font: inherit; vertical-align: baseline;">ACL</acronym>&nbsp;содержит все необходимые роли, можно определить правила, по которым роли будут иметь доступ к ресурсам. Вы, должно быть, заметили, что мы не определили ни одного отдельного ресурса для этого примера, это упрощает демонстрацию того, что правил а применяются ко всем ресурсам.&nbsp;<span class="classname" style="margin: 0px; padding: 0px; border: 0px; font-size: 14px; font: inherit; vertical-align: baseline; font-family: consolas, ''lucida console'', monospace, fixed; font-weight: bold; color: rgb(0, 0, 0);">Zend_Acl</span>&nbsp;предоставляет реализацию, посредством которой правила должны передаваться от общих к специфическим, минимизируя таким образом количество необходимых правил, так как ресурсы и роли наследуют правила, которые определены для их предков.</p>\n</div>\n<div class="section" id="zend.acl.introduction.querying" name="zend.acl.introduction.querying" style="margin: 0px; padding: 0px; border: 0px; font-size: medium; font: inherit; vertical-align: baseline; color: rgb(0, 0, 0); font-family: ''Times New Roman''; line-height: 16px;">\n	<div class="info" style="margin: 0px; padding: 0px; border: 0px; font-size: 16px; font: inherit; vertical-align: baseline;">\n		&nbsp;</div>\n</div>\n<p>\n	&nbsp;</p>\n', '2012-11-20 12:00:00', 52);
INSERT INTO `news` (`new_id`, `title`, `text`, `announce`, `date`, `page_id`) VALUES
(7, 'Запросы к ACL', '<p>\n	&nbsp;</p>\n<div class="info" style="margin: 0px; padding: 0px; border: 0px; font-size: medium; font: inherit; vertical-align: baseline; color: rgb(0, 0, 0); font-family: ''Times New Roman''; line-height: 16px;">\n	<h1 class="title" style="margin: 1.25em 0px 0.5em; padding: 0px; border-width: 0px 0px 1px; border-bottom-style: solid; border-bottom-color: rgb(209, 221, 224); font-size: 1.4em; font: inherit; vertical-align: baseline; cursor: default; color: rgb(3, 152, 202); font-family: Museo700Regular;">\n		Запросы к ACL&nbsp;<a class="title-link-anchor" href="http://framework.zend.com/manual/1.12/ru/zend.acl.introduction.html#zend.acl.introduction.querying" style="margin: 0px; padding: 0px; border: 0px; font-size: 0.8em; font: inherit; vertical-align: baseline; font-family: MuseoSans500Regular; color: rgb(221, 221, 221); text-decoration: initial;">&para;</a></h1>\n</div>\n<p class="para" style="margin: 0px 0px 1em; padding: 0px; border: 0px; font-size: medium; font: inherit; vertical-align: baseline; color: rgb(79, 78, 78); font-family: MuseoSans500Regular; line-height: 20px;">\n	Теперь у нас есть гибкий&nbsp;<acronym class="acronym" style="margin: 0px; padding: 0px; border: 0px; font-size: 16px; font: inherit; vertical-align: baseline;">ACL</acronym>, который может использоваться для определения &nbsp;того, достаточно ли прав имеет запрашивающий, чтобы производить действия в веб-приложении. Используя метод&nbsp;<span class="methodname" style="margin: 0px; padding: 0px; border: 0px; font-size: 14px; font: inherit; vertical-align: baseline; font-family: consolas, ''lucida console'', monospace, fixed; font-weight: bold; color: rgb(0, 0, 0);">isAllowed()</span>, производить запросы довольно просто:</p>\n<div class="programlisting php" style="margin: 1.5em 0px; padding: 1em 1.25em 0.75em; border: 1px solid rgb(170, 170, 170); font: inherit; vertical-align: baseline; background-color: rgb(250, 251, 252); font-family: Consolas, ''Lucida Console'', monospace; overflow: auto; box-shadow: rgba(0, 0, 0, 0.298039) 0px 1px 8px; -webkit-box-shadow: rgba(0, 0, 0, 0.247059) 0px 1px 8px; color: rgb(0, 0, 0);">\n	<div class="phpcode" style="margin: 0px; padding: 0px; border: 0px; font: inherit; vertical-align: baseline;">\n		<div class="php" style="margin: 0px; padding: 0px; border: 0px; font: inherit; vertical-align: baseline; font-family: monospace; color: rgb(17, 17, 17) !important;">\n			<ol style="margin: 0px; padding-right: 0px; padding-bottom: 1em; padding-left: 25px; border: 0px; font-size: 16px; font: inherit; vertical-align: baseline; list-style-position: outside; list-style-image: initial; color: rgb(79, 78, 78); font-family: MuseoSans500Regular; line-height: 20px;">\n				<li style="margin: 0px; padding: 0px; border: 0px; font-size: 14px; font: inherit; vertical-align: baseline; font-family: ''Courier New'', Courier, monospace; color: black;">\n					<div style="margin: 0px; padding: 0px; border: 0px; font-size: 14px; font: inherit; vertical-align: baseline; color: rgb(17, 17, 17) !important;">\n						<a href="http://www.php.net/echo" style="margin: 0px; padding: 0px; border: 0px; font-size: 14px; font: inherit; vertical-align: baseline; font-family: MuseoSans500Regular; color: rgb(0, 145, 213); text-decoration: initial;"><span style="margin: 0px; padding: 0px; border: 0px; font-size: 14px; font: inherit; vertical-align: baseline; color: rgb(0, 0, 102);">echo</span></a>&nbsp;<span style="margin: 0px; padding: 0px; border: 0px; font-size: 14px; font: inherit; vertical-align: baseline; color: rgb(0, 0, 255);">$acl</span>-&gt;<span style="margin: 0px; padding: 0px; border: 0px; font-size: 14px; font: inherit; vertical-align: baseline; color: rgb(0, 102, 0);">isAllowed</span><span style="margin: 0px; padding: 0px; border: 0px; font-size: 14px; font: inherit; vertical-align: baseline; color: rgb(102, 204, 102);">(</span><span style="margin: 0px; padding: 0px; border: 0px; font-size: 14px; font: inherit; vertical-align: baseline; color: rgb(255, 0, 0);">&#39;guest&#39;</span>,&nbsp;<span style="margin: 0px; padding: 0px; border: 0px; font-size: 14px; font: inherit; vertical-align: baseline; color: rgb(0, 0, 0); font-weight: bold;">null</span>,&nbsp;<span style="margin: 0px; padding: 0px; border: 0px; font-size: 14px; font: inherit; vertical-align: baseline; color: rgb(255, 0, 0);">&#39;view&#39;</span><span style="margin: 0px; padding: 0px; border: 0px; font-size: 14px; font: inherit; vertical-align: baseline; color: rgb(102, 204, 102);">)</span>&nbsp;?</div>\n				</li>\n				<li style="margin: 0px; padding: 0px; border: 0px; font-size: 14px; font: inherit; vertical-align: baseline; font-family: ''Courier New'', Courier, monospace; color: black;">\n					<div style="margin: 0px; padding: 0px; border: 0px; font-size: 14px; font: inherit; vertical-align: baseline; color: rgb(17, 17, 17) !important;">\n						&nbsp; &nbsp; &nbsp;<span style="margin: 0px; padding: 0px; border: 0px; font-size: 14px; font: inherit; vertical-align: baseline; color: rgb(255, 0, 0);">&quot;разрешен&quot;</span>&nbsp;:&nbsp;<span style="margin: 0px; padding: 0px; border: 0px; font-size: 14px; font: inherit; vertical-align: baseline; color: rgb(255, 0, 0);">&quot;запрещен&quot;</span>;</div>\n				</li>\n				<li style="margin: 0px; padding: 0px; border: 0px; font-size: 14px; font: inherit; vertical-align: baseline; font-family: ''Courier New'', Courier, monospace; color: black;">\n					<div style="margin: 0px; padding: 0px; border: 0px; font-size: 14px; font: inherit; vertical-align: baseline; color: rgb(17, 17, 17) !important;">\n						<span style="margin: 0px; padding: 0px; border: 0px; font-size: 14px; font: inherit; vertical-align: baseline; color: rgb(128, 128, 128); font-style: italic;">// разрешен</span></div>\n				</li>\n				<li style="margin: 0px; padding: 0px; border: 0px; font-size: 14px; font: inherit; vertical-align: baseline; font-family: ''Courier New'', Courier, monospace; color: black;">\n					<div style="margin: 0px; padding: 0px; border: 0px; font-size: 14px; font: inherit; vertical-align: baseline; color: rgb(17, 17, 17) !important;">\n						&nbsp;</div>\n				</li>\n				<li style="margin: 0px; padding: 0px; border: 0px; font-size: 14px; font: inherit; vertical-align: baseline; font-family: ''Courier New'', Courier, monospace; color: black;">\n					<div style="margin: 0px; padding: 0px; border: 0px; font-size: 14px; font: inherit; vertical-align: baseline; color: rgb(17, 17, 17) !important;">\n						<a href="http://www.php.net/echo" style="margin: 0px; padding: 0px; border: 0px; font-size: 14px; font: inherit; vertical-align: baseline; font-family: MuseoSans500Regular; color: rgb(0, 145, 213); text-decoration: initial;"><span style="margin: 0px; padding: 0px; border: 0px; font-size: 14px; font: inherit; vertical-align: baseline; color: rgb(0, 0, 102);">echo</span></a>&nbsp;<span style="margin: 0px; padding: 0px; border: 0px; font-size: 14px; font: inherit; vertical-align: baseline; color: rgb(0, 0, 255);">$acl</span>-&gt;<span style="margin: 0px; padding: 0px; border: 0px; font-size: 14px; font: inherit; vertical-align: baseline; color: rgb(0, 102, 0);">isAllowed</span><span style="margin: 0px; padding: 0px; border: 0px; font-size: 14px; font: inherit; vertical-align: baseline; color: rgb(102, 204, 102);">(</span><span style="margin: 0px; padding: 0px; border: 0px; font-size: 14px; font: inherit; vertical-align: baseline; color: rgb(255, 0, 0);">&#39;staff&#39;</span>,&nbsp;<span style="margin: 0px; padding: 0px; border: 0px; font-size: 14px; font: inherit; vertical-align: baseline; color: rgb(0, 0, 0); font-weight: bold;">null</span>,&nbsp;<span style="margin: 0px; padding: 0px; border: 0px; font-size: 14px; font: inherit; vertical-align: baseline; color: rgb(255, 0, 0);">&#39;publish&#39;</span><span style="margin: 0px; padding: 0px; border: 0px; font-size: 14px; font: inherit; vertical-align: baseline; color: rgb(102, 204, 102);">)</span>&nbsp;?</div>\n				</li>\n				<li style="margin: 0px; padding: 0px; border: 0px; font-size: 14px; font: inherit; vertical-align: baseline; font-family: ''Courier New'', Courier, monospace; color: black;">\n					<div style="margin: 0px; padding: 0px; border: 0px; font-size: 14px; font: inherit; vertical-align: baseline; color: rgb(17, 17, 17) !important;">\n						&nbsp; &nbsp; &nbsp;<span style="margin: 0px; padding: 0px; border: 0px; font-size: 14px; font: inherit; vertical-align: baseline; color: rgb(255, 0, 0);">&quot;разрешен&quot;</span>&nbsp;:&nbsp;<span style="margin: 0px; padding: 0px; border: 0px; font-size: 14px; font: inherit; vertical-align: baseline; color: rgb(255, 0, 0);">&quot;запрещен&quot;</span>;</div>\n				</li>\n				<li style="margin: 0px; padding: 0px; border: 0px; font-size: 14px; font: inherit; vertical-align: baseline; font-family: ''Courier New'', Courier, monospace; color: black;">\n					<div style="margin: 0px; padding: 0px; border: 0px; font-size: 14px; font: inherit; vertical-align: baseline; color: rgb(17, 17, 17) !important;">\n						<span style="margin: 0px; padding: 0px; border: 0px; font-size: 14px; font: inherit; vertical-align: baseline; color: rgb(128, 128, 128); font-style: italic;">// запрещен</span></div>\n				</li>\n				<li style="margin: 0px; padding: 0px; border: 0px; font-size: 14px; font: inherit; vertical-align: baseline; font-family: ''Courier New'', Courier, monospace; color: black;">\n					<div style="margin: 0px; padding: 0px; border: 0px; font-size: 14px; font: inherit; vertical-align: baseline; color: rgb(17, 17, 17) !important;">\n						&nbsp;</div>\n				</li>\n				<li style="margin: 0px; padding: 0px; border: 0px; font-size: 14px; font: inherit; vertical-align: baseline; font-family: ''Courier New'', Courier, monospace; color: black;">\n					<div style="margin: 0px; padding: 0px; border: 0px; font-size: 14px; font: inherit; vertical-align: baseline; color: rgb(17, 17, 17) !important;">\n						<a href="http://www.php.net/echo" style="margin: 0px; padding: 0px; border: 0px; font-size: 14px; font: inherit; vertical-align: baseline; font-family: MuseoSans500Regular; color: rgb(0, 145, 213); text-decoration: initial;"><span style="margin: 0px; padding: 0px; border: 0px; font-size: 14px; font: inherit; vertical-align: baseline; color: rgb(0, 0, 102);">echo</span></a>&nbsp;<span style="margin: 0px; padding: 0px; border: 0px; font-size: 14px; font: inherit; vertical-align: baseline; color: rgb(0, 0, 255);">$acl</span>-&gt;<span style="margin: 0px; padding: 0px; border: 0px; font-size: 14px; font: inherit; vertical-align: baseline; color: rgb(0, 102, 0);">isAllowed</span><span style="margin: 0px; padding: 0px; border: 0px; font-size: 14px; font: inherit; vertical-align: baseline; color: rgb(102, 204, 102);">(</span><span style="margin: 0px; padding: 0px; border: 0px; font-size: 14px; font: inherit; vertical-align: baseline; color: rgb(255, 0, 0);">&#39;staff&#39;</span>,&nbsp;<span style="margin: 0px; padding: 0px; border: 0px; font-size: 14px; font: inherit; vertical-align: baseline; color: rgb(0, 0, 0); font-weight: bold;">null</span>,&nbsp;<span style="margin: 0px; padding: 0px; border: 0px; font-size: 14px; font: inherit; vertical-align: baseline; color: rgb(255, 0, 0);">&#39;revise&#39;</span><span style="margin: 0px; padding: 0px; border: 0px; font-size: 14px; font: inherit; vertical-align: baseline; color: rgb(102, 204, 102);">)</span>&nbsp;?</div>\n				</li>\n				<li style="margin: 0px; padding: 0px; border: 0px; font-size: 14px; font: inherit; vertical-align: baseline; font-family: ''Courier New'', Courier, monospace; color: black;">\n					<div style="margin: 0px; padding: 0px; border: 0px; font-size: 14px; font: inherit; vertical-align: baseline; color: rgb(17, 17, 17) !important;">\n						&nbsp; &nbsp; &nbsp;<span style="margin: 0px; padding: 0px; border: 0px; font-size: 14px; font: inherit; vertical-align: baseline; color: rgb(255, 0, 0);">&quot;разрешен&quot;</span>&nbsp;:&nbsp;<span style="margin: 0px; padding: 0px; border: 0px; font-size: 14px; font: inherit; vertical-align: baseline; color: rgb(255, 0, 0);">&quot;запрещен&quot;</span>;</div>\n				</li>\n				<li style="margin: 0px; padding: 0px; border: 0px; font-size: 14px; font: inherit; vertical-align: baseline; font-family: ''Courier New'', Courier, monospace; color: black;">\n					<div style="margin: 0px; padding: 0px; border: 0px; font-size: 14px; font: inherit; vertical-align: baseline; color: rgb(17, 17, 17) !important;">\n						<span style="margin: 0px; padding: 0px; border: 0px; font-size: 14px; font: inherit; vertical-align: baseline; color: rgb(128, 128, 128); font-style: italic;">// разрешен</span></div>\n				</li>\n				<li style="margin: 0px; padding: 0px; border: 0px; font-size: 14px; font: inherit; vertical-align: baseline; font-family: ''Courier New'', Courier, monospace; color: black;">\n					<div style="margin: 0px; padding: 0px; border: 0px; font-size: 14px; font: inherit; vertical-align: baseline; color: rgb(17, 17, 17) !important;">\n						&nbsp;</div>\n				</li>\n				<li style="margin: 0px; padding: 0px; border: 0px; font-size: 14px; font: inherit; vertical-align: baseline; font-family: ''Courier New'', Courier, monospace; color: black;">\n					<div style="margin: 0px; padding: 0px; border: 0px; font-size: 14px; font: inherit; vertical-align: baseline; color: rgb(17, 17, 17) !important;">\n						<a href="http://www.php.net/echo" style="margin: 0px; padding: 0px; border: 0px; font-size: 14px; font: inherit; vertical-align: baseline; font-family: MuseoSans500Regular; color: rgb(0, 145, 213); text-decoration: initial;"><span style="margin: 0px; padding: 0px; border: 0px; font-size: 14px; font: inherit; vertical-align: baseline; color: rgb(0, 0, 102);">echo</span></a>&nbsp;<span style="margin: 0px; padding: 0px; border: 0px; font-size: 14px; font: inherit; vertical-align: baseline; color: rgb(0, 0, 255);">$acl</span>-&gt;<span style="margin: 0px; padding: 0px; border: 0px; font-size: 14px; font: inherit; vertical-align: baseline; color: rgb(0, 102, 0);">isAllowed</span><span style="margin: 0px; padding: 0px; border: 0px; font-size: 14px; font: inherit; vertical-align: baseline; color: rgb(102, 204, 102);">(</span><span style="margin: 0px; padding: 0px; border: 0px; font-size: 14px; font: inherit; vertical-align: baseline; color: rgb(255, 0, 0);">&#39;editor&#39;</span>,&nbsp;<span style="margin: 0px; padding: 0px; border: 0px; font-size: 14px; font: inherit; vertical-align: baseline; color: rgb(0, 0, 0); font-weight: bold;">null</span>,&nbsp;<span style="margin: 0px; padding: 0px; border: 0px; font-size: 14px; font: inherit; vertical-align: baseline; color: rgb(255, 0, 0);">&#39;view&#39;</span><span style="margin: 0px; padding: 0px; border: 0px; font-size: 14px; font: inherit; vertical-align: baseline; color: rgb(102, 204, 102);">)</span>&nbsp;?</div>\n				</li>\n				<li style="margin: 0px; padding: 0px; border: 0px; font-size: 14px; font: inherit; vertical-align: baseline; font-family: ''Courier New'', Courier, monospace; color: black;">\n					<div style="margin: 0px; padding: 0px; border: 0px; font-size: 14px; font: inherit; vertical-align: baseline; color: rgb(17, 17, 17) !important;">\n						&nbsp; &nbsp; &nbsp;<span style="margin: 0px; padding: 0px; border: 0px; font-size: 14px; font: inherit; vertical-align: baseline; color: rgb(255, 0, 0);">&quot;разрешен&quot;</span>&nbsp;:&nbsp;<span style="margin: 0px; padding: 0px; border: 0px; font-size: 14px; font: inherit; vertical-align: baseline; color: rgb(255, 0, 0);">&quot;запрещен&quot;</span>;</div>\n				</li>\n				<li style="margin: 0px; padding: 0px; border: 0px; font-size: 14px; font: inherit; vertical-align: baseline; font-family: ''Courier New'', Courier, monospace; color: black;">\n					<div style="margin: 0px; padding: 0px; border: 0px; font-size: 14px; font: inherit; vertical-align: baseline; color: rgb(17, 17, 17) !important;">\n						<span style="margin: 0px; padding: 0px; border: 0px; font-size: 14px; font: inherit; vertical-align: baseline; color: rgb(128, 128, 128); font-style: italic;">// разрешен потому, что редактор наследует от гостя</span></div>\n				</li>\n				<li style="margin: 0px; padding: 0px; border: 0px; font-size: 14px; font: inherit; vertical-align: baseline; font-family: ''Courier New'', Courier, monospace; color: black;">\n					<div style="margin: 0px; padding: 0px; border: 0px; font-size: 14px; font: inherit; vertical-align: baseline; color: rgb(17, 17, 17) !important;">\n						&nbsp;</div>\n				</li>\n				<li style="margin: 0px; padding: 0px; border: 0px; font-size: 14px; font: inherit; vertical-align: baseline; font-family: ''Courier New'', Courier, monospace; color: black;">\n					<div style="margin: 0px; padding: 0px; border: 0px; font-size: 14px; font: inherit; vertical-align: baseline; color: rgb(17, 17, 17) !important;">\n						<a href="http://www.php.net/echo" style="margin: 0px; padding: 0px; border: 0px; font-size: 14px; font: inherit; vertical-align: baseline; font-family: MuseoSans500Regular; color: rgb(0, 145, 213); text-decoration: initial;"><span style="margin: 0px; padding: 0px; border: 0px; font-size: 14px; font: inherit; vertical-align: baseline; color: rgb(0, 0, 102);">echo</span></a>&nbsp;<span style="margin: 0px; padding: 0px; border: 0px; font-size: 14px; font: inherit; vertical-align: baseline; color: rgb(0, 0, 255);">$acl</span>-&gt;<span style="margin: 0px; padding: 0px; border: 0px; font-size: 14px; font: inherit; vertical-align: baseline; color: rgb(0, 102, 0);">isAllowed</span><span style="margin: 0px; padding: 0px; border: 0px; font-size: 14px; font: inherit; vertical-align: baseline; color: rgb(102, 204, 102);">(</span><span style="margin: 0px; padding: 0px; border: 0px; font-size: 14px; font: inherit; vertical-align: baseline; color: rgb(255, 0, 0);">&#39;editor&#39;</span>,&nbsp;<span style="margin: 0px; padding: 0px; border: 0px; font-size: 14px; font: inherit; vertical-align: baseline; color: rgb(0, 0, 0); font-weight: bold;">null</span>,&nbsp;<span style="margin: 0px; padding: 0px; border: 0px; font-size: 14px; font: inherit; vertical-align: baseline; color: rgb(255, 0, 0);">&#39;update&#39;</span><span style="margin: 0px; padding: 0px; border: 0px; font-size: 14px; font: inherit; vertical-align: baseline; color: rgb(102, 204, 102);">)</span>&nbsp;?</div>\n				</li>\n				<li style="margin: 0px; padding: 0px; border: 0px; font-size: 14px; font: inherit; vertical-align: baseline; font-family: ''Courier New'', Courier, monospace; color: black;">\n					<div style="margin: 0px; padding: 0px; border: 0px; font-size: 14px; font: inherit; vertical-align: baseline; color: rgb(17, 17, 17) !important;">\n						&nbsp; &nbsp; &nbsp;<span style="margin: 0px; padding: 0px; border: 0px; font-size: 14px; font: inherit; vertical-align: baseline; color: rgb(255, 0, 0);">&quot;разрешен&quot;</span>&nbsp;:&nbsp;<span style="margin: 0px; padding: 0px; border: 0px; font-size: 14px; font: inherit; vertical-align: baseline; color: rgb(255, 0, 0);">&quot;запрещен&quot;</span>;</div>\n				</li>\n				<li style="margin: 0px; padding: 0px; border: 0px; font-size: 14px; font: inherit; vertical-align: baseline; font-family: ''Courier New'', Courier, monospace; color: black;">\n					<div style="margin: 0px; padding: 0px; border: 0px; font-size: 14px; font: inherit; vertical-align: baseline; color: rgb(17, 17, 17) !important;">\n						<span style="margin: 0px; padding: 0px; border: 0px; font-size: 14px; font: inherit; vertical-align: baseline; color: rgb(128, 128, 128); font-style: italic;">// запрещен потому, что нет правила, разрешающего обновление (update)</span></div>\n				</li>\n				<li style="margin: 0px; padding: 0px; border: 0px; font-size: 14px; font: inherit; vertical-align: baseline; font-family: ''Courier New'', Courier, monospace; color: black;">\n					<div style="margin: 0px; padding: 0px; border: 0px; font-size: 14px; font: inherit; vertical-align: baseline; color: rgb(17, 17, 17) !important;">\n						&nbsp;</div>\n				</li>\n				<li style="margin: 0px; padding: 0px; border: 0px; font-size: 14px; font: inherit; vertical-align: baseline; font-family: ''Courier New'', Courier, monospace; color: black;">\n					<div style="margin: 0px; padding: 0px; border: 0px; font-size: 14px; font: inherit; vertical-align: baseline; color: rgb(17, 17, 17) !important;">\n						<a href="http://www.php.net/echo" style="margin: 0px; padding: 0px; border: 0px; font-size: 14px; font: inherit; vertical-align: baseline; font-family: MuseoSans500Regular; color: rgb(0, 145, 213); text-decoration: initial;"><span style="margin: 0px; padding: 0px; border: 0px; font-size: 14px; font: inherit; vertical-align: baseline; color: rgb(0, 0, 102);">echo</span></a>&nbsp;<span style="margin: 0px; padding: 0px; border: 0px; font-size: 14px; font: inherit; vertical-align: baseline; color: rgb(0, 0, 255);">$acl</span>-&gt;<span style="margin: 0px; padding: 0px; border: 0px; font-size: 14px; font: inherit; vertical-align: baseline; color: rgb(0, 102, 0);">isAllowed</span><span style="margin: 0px; padding: 0px; border: 0px; font-size: 14px; font: inherit; vertical-align: baseline; color: rgb(102, 204, 102);">(</span><span style="margin: 0px; padding: 0px; border: 0px; font-size: 14px; font: inherit; vertical-align: baseline; color: rgb(255, 0, 0);">&#39;administrator&#39;</span>,&nbsp;<span style="margin: 0px; padding: 0px; border: 0px; font-size: 14px; font: inherit; vertical-align: baseline; color: rgb(0, 0, 0); font-weight: bold;">null</span>,&nbsp;<span style="margin: 0px; padding: 0px; border: 0px; font-size: 14px; font: inherit; vertical-align: baseline; color: rgb(255, 0, 0);">&#39;view&#39;</span><span style="margin: 0px; padding: 0px; border: 0px; font-size: 14px; font: inherit; vertical-align: baseline; color: rgb(102, 204, 102);">)</span>&nbsp;?</div>\n				</li>\n				<li style="margin: 0px; padding: 0px; border: 0px; font-size: 14px; font: inherit; vertical-align: baseline; font-family: ''Courier New'', Courier, monospace; color: black;">\n					<div style="margin: 0px; padding: 0px; border: 0px; font-size: 14px; font: inherit; vertical-align: baseline; color: rgb(17, 17, 17) !important;">\n						&nbsp; &nbsp; &nbsp;<span style="margin: 0px; padding: 0px; border: 0px; font-size: 14px; font: inherit; vertical-align: baseline; color: rgb(255, 0, 0);">&quot;разрешен&quot;</span>&nbsp;:&nbsp;<span style="margin: 0px; padding: 0px; border: 0px; font-size: 14px; font: inherit; vertical-align: baseline; color: rgb(255, 0, 0);">&quot;запрещен&quot;</span>;</div>\n				</li>\n				<li style="margin: 0px; padding: 0px; border: 0px; font-size: 14px; font: inherit; vertical-align: baseline; font-family: ''Courier New'', Courier, monospace; color: black;">\n					<div style="margin: 0px; padding: 0px; border: 0px; font-size: 14px; font: inherit; vertical-align: baseline; color: rgb(17, 17, 17) !important;">\n						<span style="margin: 0px; padding: 0px; border: 0px; font-size: 14px; font: inherit; vertical-align: baseline; color: rgb(128, 128, 128); font-style: italic;">// разрешен потому, что администратор обладает всеми привилегиями</span></div>\n				</li>\n				<li style="margin: 0px; padding: 0px; border: 0px; font-size: 14px; font: inherit; vertical-align: baseline; font-family: ''Courier New'', Courier, monospace; color: black;">\n					<div style="margin: 0px; padding: 0px; border: 0px; font-size: 14px; font: inherit; vertical-align: baseline; color: rgb(17, 17, 17) !important;">\n						&nbsp;</div>\n				</li>\n				<li style="margin: 0px; padding: 0px; border: 0px; font-size: 14px; font: inherit; vertical-align: baseline; font-family: ''Courier New'', Courier, monospace; color: black;">\n					<div style="margin: 0px; padding: 0px; border: 0px; font-size: 14px; font: inherit; vertical-align: baseline; color: rgb(17, 17, 17) !important;">\n						<a href="http://www.php.net/echo" style="margin: 0px; padding: 0px; border: 0px; font-size: 14px; font: inherit; vertical-align: baseline; font-family: MuseoSans500Regular; color: rgb(0, 145, 213); text-decoration: initial;"><span style="margin: 0px; padding: 0px; border: 0px; font-size: 14px; font: inherit; vertical-align: baseline; color: rgb(0, 0, 102);">echo</span></a>&nbsp;<span style="margin: 0px; padding: 0px; border: 0px; font-size: 14px; font: inherit; vertical-align: baseline; color: rgb(0, 0, 255);">$acl</span>-&gt;<span style="margin: 0px; padding: 0px; border: 0px; font-size: 14px; font: inherit; vertical-align: baseline; color: rgb(0, 102, 0);">isAllowed</span><span style="margin: 0px; padding: 0px; border: 0px; font-size: 14px; font: inherit; vertical-align: baseline; color: rgb(102, 204, 102);">(</span><span style="margin: 0px; padding: 0px; border: 0px; font-size: 14px; font: inherit; vertical-align: baseline; color: rgb(255, 0, 0);">&#39;administrator&#39;</span><span style="margin: 0px; padding: 0px; border: 0px; font-size: 14px; font: inherit; vertical-align: baseline; color: rgb(102, 204, 102);">)</span>&nbsp;?</div>\n				</li>\n				<li style="margin: 0px; padding: 0px; border: 0px; font-size: 14px; font: inherit; vertical-align: baseline; font-family: ''Courier New'', Courier, monospace; color: black;">\n					<div style="margin: 0px; padding: 0px; border: 0px; font-size: 14px; font: inherit; vertical-align: baseline; color: rgb(17, 17, 17) !important;">\n						&nbsp; &nbsp; &nbsp;<span style="margin: 0px; padding: 0px; border: 0px; font-size: 14px; font: inherit; vertical-align: baseline; color: rgb(255, 0, 0);">&quot;разрешен&quot;</span>&nbsp;:&nbsp;<span style="margin: 0px; padding: 0px; border: 0px; font-size: 14px; font: inherit; vertical-align: baseline; color: rgb(255, 0, 0);">&quot;запрещен&quot;</span>;</div>\n				</li>\n				<li style="margin: 0px; padding: 0px; border: 0px; font-size: 14px; font: inherit; vertical-align: baseline; font-family: ''Courier New'', Courier, monospace; color: black;">\n					<div style="margin: 0px; padding: 0px; border: 0px; font-size: 14px; font: inherit; vertical-align: baseline; color: rgb(17, 17, 17) !important;">\n						<span style="margin: 0px; padding: 0px; border: 0px; font-size: 14px; font: inherit; vertical-align: baseline; color: rgb(128, 128, 128); font-style: italic;">// разрешен потому, что администратор обладает всеми привилегиями</span></div>\n				</li>\n				<li style="margin: 0px; padding: 0px; border: 0px; font-size: 14px; font: inherit; vertical-align: baseline; font-family: ''Courier New'', Courier, monospace; color: black;">\n					<div style="margin: 0px; padding: 0px; border: 0px; font-size: 14px; font: inherit; vertical-align: baseline; color: rgb(17, 17, 17) !important;">\n						&nbsp;</div>\n				</li>\n				<li style="margin: 0px; padding: 0px; border: 0px; font-size: 14px; font: inherit; vertical-align: baseline; font-family: ''Courier New'', Courier, monospace; color: black;">\n					<div style="margin: 0px; padding: 0px; border: 0px; font-size: 14px; font: inherit; vertical-align: baseline; color: rgb(17, 17, 17) !important;">\n						<a href="http://www.php.net/echo" style="margin: 0px; padding: 0px; border: 0px; font-size: 14px; font: inherit; vertical-align: baseline; font-family: MuseoSans500Regular; color: rgb(0, 145, 213); text-decoration: initial;"><span style="margin: 0px; padding: 0px; border: 0px; font-size: 14px; font: inherit; vertical-align: baseline; color: rgb(0, 0, 102);">echo</span></a>&nbsp;<span style="margin: 0px; padding: 0px; border: 0px; font-size: 14px; font: inherit; vertical-align: baseline; color: rgb(0, 0, 255);">$acl</span>-&gt;<span style="margin: 0px; padding: 0px; border: 0px; font-size: 14px; font: inherit; vertical-align: baseline; color: rgb(0, 102, 0);">isAllowed</span><span style="margin: 0px; padding: 0px; border: 0px; font-size: 14px; font: inherit; vertical-align: baseline; color: rgb(102, 204, 102);">(</span><span style="margin: 0px; padding: 0px; border: 0px; font-size: 14px; font: inherit; vertical-align: baseline; color: rgb(255, 0, 0);">&#39;administrator&#39;</span>,&nbsp;<span style="margin: 0px; padding: 0px; border: 0px; font-size: 14px; font: inherit; vertical-align: baseline; color: rgb(0, 0, 0); font-weight: bold;">null</span>,&nbsp;<span style="margin: 0px; padding: 0px; border: 0px; font-size: 14px; font: inherit; vertical-align: baseline; color: rgb(255, 0, 0);">&#39;update&#39;</span><span style="margin: 0px; padding: 0px; border: 0px; font-size: 14px; font: inherit; vertical-align: baseline; color: rgb(102, 204, 102);">)</span>&nbsp;?</div>\n				</li>\n				<li style="margin: 0px; padding: 0px; border: 0px; font-size: 14px; font: inherit; vertical-align: baseline; font-family: ''Courier New'', Courier, monospace; color: black;">\n					<div style="margin: 0px; padding: 0px; border: 0px; font-size: 14px; font: inherit; vertical-align: baseline; color: rgb(17, 17, 17) !important;">\n						&nbsp; &nbsp; &nbsp;<span style="margin: 0px; padding: 0px; border: 0px; font-size: 14px; font: inherit; vertical-align: baseline; color: rgb(255, 0, 0);">&quot;разрешен&quot;</span>&nbsp;:&nbsp;<span style="margin: 0px; padding: 0px; border: 0px; font-size: 14px; font: inherit; vertical-align: baseline; color: rgb(255, 0, 0);">&quot;запрещен&quot;</span>;</div>\n				</li>\n				<li style="margin: 0px; padding: 0px; border: 0px; font-size: 14px; font: inherit; vertical-align: baseline; font-family: ''Courier New'', Courier, monospace; color: black;">\n					<div style="margin: 0px; padding: 0px; border: 0px; font-size: 14px; font: inherit; vertical-align: baseline; color: rgb(17, 17, 17) !important;">\n						<span style="margin: 0px; padding: 0px; border: 0px; font-size: 14px; font: inherit; vertical-align: baseline; color: rgb(128, 128, 128); font-style: italic;">// разрешен потому, что администратор обладает всеми привилегиями</span></div>\n				</li>\n			</ol>\n		</div>\n	</div>\n</div>\n<p>\n	&nbsp;</p>\n', '<p>\n	&nbsp;</p>\n<div class="info" style="margin: 0px; padding: 0px; border: 0px; font-size: medium; font: inherit; vertical-align: baseline; color: rgb(0, 0, 0); font-family: ''Times New Roman''; line-height: 16px;">\n	<h1 class="title" style="margin: 1.25em 0px 0.5em; padding: 0px; border-width: 0px 0px 1px; border-bottom-style: solid; border-bottom-color: rgb(209, 221, 224); font-size: 1.4em; font: inherit; vertical-align: baseline; cursor: default; color: rgb(3, 152, 202); font-family: Museo700Regular;">\n		Запросы к ACL&nbsp;<a class="title-link-anchor" href="http://framework.zend.com/manual/1.12/ru/zend.acl.introduction.html#zend.acl.introduction.querying" style="margin: 0px; padding: 0px; border: 0px; font-size: 0.8em; font: inherit; vertical-align: baseline; font-family: MuseoSans500Regular; color: rgb(221, 221, 221); text-decoration: initial;">&para;</a></h1>\n</div>\n<p class="para" style="margin: 0px 0px 1em; padding: 0px; border: 0px; font-size: medium; font: inherit; vertical-align: baseline; color: rgb(79, 78, 78); font-family: MuseoSans500Regular; line-height: 20px;">\n	Теперь у нас есть гибкий&nbsp;<acronym class="acronym" style="margin: 0px; padding: 0px; border: 0px; font-size: 16px; font: inherit; vertical-align: baseline;">ACL</acronym>, который может использоваться для определения того, достаточно ли прав имеет запрашивающий, чтобы производить действия в веб-приложении. Используя метод&nbsp;<span class="methodname" style="margin: 0px; padding: 0px; border: 0px; font-size: 14px; font: inherit; vertical-align: baseline; font-family: consolas, ''lucida console'', monospace, fixed; font-weight: bold; color: rgb(0, 0, 0);">isAllowed()</span>, производить запросы довольно просто</p>\n<p>\n	&nbsp;</p>\n', '2012-11-20 12:00:00', 52);

-- --------------------------------------------------------

--
-- Структура таблицы `page_widget`
--

CREATE TABLE IF NOT EXISTS `page_widget` (
  `page_widget_id` int(10) unsigned NOT NULL AUTO_INCREMENT,
  `page_id` int(10) unsigned NOT NULL,
  `widget_id` int(10) unsigned NOT NULL,
  `position_id` int(10) unsigned NOT NULL,
  `config_id` int(10) unsigned NOT NULL,
  `sequence` int(10) unsigned NOT NULL,
  PRIMARY KEY (`page_widget_id`)
) ENGINE=InnoDB  DEFAULT CHARSET=utf8 AUTO_INCREMENT=75 ;

--
-- Дамп данных таблицы `page_widget`
--

INSERT INTO `page_widget` (`page_widget_id`, `page_id`, `widget_id`, `position_id`, `config_id`, `sequence`) VALUES
(48, 52, 12, 1, 129, 1),
(52, 52, 13, 4, 134, 1),
(61, 52, 16, 4, 146, 2),
(68, 57, 12, 1, 162, 1),
(69, 51, 13, 4, 163, 1),
(70, 51, 14, 2, 164, 1),
(71, 51, 15, 1, 165, 1),
(72, 51, 16, 4, 166, 2),
(73, 51, 17, 2, 167, 2),
(74, 51, 12, 1, 168, 2);

-- --------------------------------------------------------

--
-- Структура таблицы `pages`
--

CREATE TABLE IF NOT EXISTS `pages` (
  `page_id` int(10) unsigned NOT NULL AUTO_INCREMENT,
  `title` varchar(255) NOT NULL,
  `url` varchar(255) NOT NULL,
  `in_menu` tinyint(1) NOT NULL DEFAULT '1',
  `sequence` int(10) unsigned NOT NULL,
  `module_id` int(10) unsigned NOT NULL,
  `config_id` int(10) unsigned NOT NULL,
  `parent_page_id` int(10) unsigned DEFAULT NULL,
  PRIMARY KEY (`page_id`)
) ENGINE=InnoDB  DEFAULT CHARSET=utf8 AUTO_INCREMENT=59 ;

--
-- Дамп данных таблицы `pages`
--

INSERT INTO `pages` (`page_id`, `title`, `url`, `in_menu`, `sequence`, `module_id`, `config_id`, `parent_page_id`) VALUES
(51, 'Главная страница', 'home', 1, 1, 24, 123, NULL),
(52, 'Новости', 'news', 1, 2, 25, 124, NULL),
(57, 'Поиск', 'search', 1, 3, 26, 159, NULL),
(58, 'Каталог', 'catalog', 1, 4, 28, 169, NULL);

-- --------------------------------------------------------

--
-- Структура таблицы `pages_pages`
--

CREATE TABLE IF NOT EXISTS `pages_pages` (
  `page_page_id` int(11) NOT NULL AUTO_INCREMENT,
  `title` varchar(255) NOT NULL,
  `text` text NOT NULL,
  `page_id` int(10) unsigned NOT NULL,
  PRIMARY KEY (`page_page_id`)
) ENGINE=InnoDB  DEFAULT CHARSET=utf8 AUTO_INCREMENT=5 ;

--
-- Дамп данных таблицы `pages_pages`
--

INSERT INTO `pages_pages` (`page_page_id`, `title`, `text`, `page_id`) VALUES
(4, 'Главная страница', '<p>\n	&nbsp;</p>\n<h2 style="color: rgb(0, 0, 0); background-image: none; margin: 0px 0px 8px; overflow: hidden; padding: 0px; border: 0px; font-size: 17px; font-family: sans-serif; line-height: 19.200000762939453px;">\n	<span class="mw-headline" id=".D0.98.D0.B7.D0.B1.D1.80.D0.B0.D0.BD.D0.BD.D0.B0.D1.8F_.D1.81.D1.82.D0.B0.D1.82.D1.8C.D1.8F">Избранная статья&nbsp;</span></h2>\n<div id="mf-tfa" style="color: rgb(0, 0, 0); font-family: sans-serif; font-size: 13px; line-height: 19.200000762939453px;">\n	<div class="floatright" style="clear: right; float: right; position: relative; margin: 0px 0px 0.5em 0.5em; border: 0px;">\n		<a class="image" href="http://commons.wikimedia.org/wiki/File:Borgia_Apartment_003.jpg?uselang=ru" style="text-decoration: initial; color: rgb(11, 0, 128); background-image: none; background-position: initial initial; background-repeat: initial initial;" title="Арифметика. Роспись Пинтуриккьо. Апартаменты Борджиа. 1492—1495. Рим, Ватиканские дворцы"><img alt="Арифметика. Роспись Пинтуриккьо. Апартаменты Борджиа. 1492—1495. Рим, Ватиканские дворцы" height="167" src="http://upload.wikimedia.org/wikipedia/commons/thumb/a/a2/Borgia_Apartment_003.jpg/150px-Borgia_Apartment_003.jpg" srcset="//upload.wikimedia.org/wikipedia/commons/thumb/a/a2/Borgia_Apartment_003.jpg/225px-Borgia_Apartment_003.jpg 1.5x, //upload.wikimedia.org/wikipedia/commons/thumb/a/a2/Borgia_Apartment_003.jpg/300px-Borgia_Apartment_003.jpg 2x" style="border: none; vertical-align: middle;" width="150" /></a></div>\n	История арифметики охватывает период от возникновения счёта до формальногоопределения чисел и арифметических операций над ними с помощью системыаксиом. Арифметика &mdash; наука о числах, их свойствах и <a href="/media/kcfinder/upload/files/vozmi.swf" target="_blank">отношениях </a>&mdash; является одной из основных математических наук. Она тесно связана с алгеброй и теорией чисел. Причиной возникновения арифметики стала практическая потребность в счёте, простейших измерениях и вычислениях. Первые достоверные сведения об арифметических знаниях обнаружены в исторических памятниках Вавилона иДревнего Египта, относящихся к III&mdash;II тысячелетиям до н. э. Большой вклад в развитие арифметики внесли греческие математики, в частности пифагорейцы, которые пытались с помощью чисел определить все закономерности мира. В Средние века основными областями применения арифметики были торговля и приближённые вычисления. Арифметика развивалась в первую очередь в Индии и странах ислама и только затем пришла в Западную Европу. В XVII веке мореходнаяастрономия, механика, более сложные коммерческие расчёты поставили перед арифметикой новые запросы к технике вычислений и дали толчок к дальнейшему развитию. (далее&hellip;)</div>\n<p>\n	&nbsp;</p>\n', 51);

-- --------------------------------------------------------

--
-- Структура таблицы `position`
--

CREATE TABLE IF NOT EXISTS `position` (
  `position_id` int(10) unsigned NOT NULL AUTO_INCREMENT,
  `name` varchar(255) NOT NULL,
  PRIMARY KEY (`position_id`)
) ENGINE=InnoDB  DEFAULT CHARSET=utf8 AUTO_INCREMENT=6 ;

--
-- Дамп данных таблицы `position`
--

INSERT INTO `position` (`position_id`, `name`) VALUES
(1, 'header'),
(2, 'left'),
(3, 'center'),
(4, 'right'),
(5, 'footer');

-- --------------------------------------------------------

--
-- Структура таблицы `roles`
--

CREATE TABLE IF NOT EXISTS `roles` (
  `id` int(11) unsigned NOT NULL AUTO_INCREMENT,
  `name` varchar(32) NOT NULL,
  `description` varchar(255) NOT NULL,
  PRIMARY KEY (`id`),
  UNIQUE KEY `uniq_name` (`name`)
) ENGINE=InnoDB  DEFAULT CHARSET=utf8 AUTO_INCREMENT=3 ;

--
-- Дамп данных таблицы `roles`
--

INSERT INTO `roles` (`id`, `name`, `description`) VALUES
(1, 'login', 'Login privileges, granted after account confirmation'),
(2, 'admin', 'Administrative user, has access to everything.');

-- --------------------------------------------------------

--
-- Структура таблицы `roles_users`
--

CREATE TABLE IF NOT EXISTS `roles_users` (
  `user_id` int(10) unsigned NOT NULL,
  `role_id` int(10) unsigned NOT NULL,
  PRIMARY KEY (`user_id`,`role_id`),
  KEY `fk_role_id` (`role_id`)
) ENGINE=InnoDB DEFAULT CHARSET=utf8;

--
-- Дамп данных таблицы `roles_users`
--

INSERT INTO `roles_users` (`user_id`, `role_id`) VALUES
(2, 1),
(2, 2);

-- --------------------------------------------------------

--
-- Структура таблицы `ulogins`
--

CREATE TABLE IF NOT EXISTS `ulogins` (
  `id` int(10) NOT NULL AUTO_INCREMENT,
  `user_id` int(11) NOT NULL,
  `network` varchar(255) NOT NULL,
  `identity` varchar(255) NOT NULL,
  PRIMARY KEY (`id`),
  UNIQUE KEY `identity` (`identity`)
) ENGINE=InnoDB  DEFAULT CHARSET=utf8 AUTO_INCREMENT=2 ;

--
-- Дамп данных таблицы `ulogins`
--

INSERT INTO `ulogins` (`id`, `user_id`, `network`, `identity`) VALUES
(1, 3, 'twitter', 'http://twitter.com/KupiTomRu');

-- --------------------------------------------------------

--
-- Структура таблицы `user_tokens`
--

CREATE TABLE IF NOT EXISTS `user_tokens` (
  `id` int(11) unsigned NOT NULL AUTO_INCREMENT,
  `user_id` int(11) unsigned NOT NULL,
  `user_agent` varchar(40) NOT NULL,
  `token` varchar(40) NOT NULL,
  `type` varchar(100) NOT NULL,
  `created` int(10) unsigned NOT NULL,
  `expires` int(10) unsigned NOT NULL,
  PRIMARY KEY (`id`),
  UNIQUE KEY `uniq_token` (`token`),
  KEY `fk_user_id` (`user_id`)
) ENGINE=InnoDB  DEFAULT CHARSET=utf8 AUTO_INCREMENT=4 ;

--
-- Дамп данных таблицы `user_tokens`
--

INSERT INTO `user_tokens` (`id`, `user_id`, `user_agent`, `token`, `type`, `created`, `expires`) VALUES
(1, 2, '2f41eec89c494ee60424dc37b4f090af556724c9', 'e63cd1c7454568f2ffbde795b759e5acfba4bca6', '', 1354815159, 1354815759),
(2, 2, '2f41eec89c494ee60424dc37b4f090af556724c9', '6843f5cc63627dcfd5a29dcb329d70908c07e497', '', 1354823413, 1354824013),
(3, 2, '2f41eec89c494ee60424dc37b4f090af556724c9', 'dbbde748484907cc6036ac5527712f1a551d9215', '', 1354837436, 1354838036);

-- --------------------------------------------------------

--
-- Структура таблицы `users`
--

CREATE TABLE IF NOT EXISTS `users` (
  `id` int(11) unsigned NOT NULL AUTO_INCREMENT,
  `email` varchar(254) NOT NULL,
  `username` varchar(32) NOT NULL DEFAULT '',
  `password` varchar(64) NOT NULL,
  `logins` int(10) unsigned NOT NULL DEFAULT '0',
  `last_login` int(10) unsigned DEFAULT NULL,
  PRIMARY KEY (`id`),
  UNIQUE KEY `uniq_username` (`username`),
  UNIQUE KEY `uniq_email` (`email`)
) ENGINE=InnoDB  DEFAULT CHARSET=utf8 AUTO_INCREMENT=3 ;

--
-- Дамп данных таблицы `users`
--

INSERT INTO `users` (`id`, `email`, `username`, `password`, `logins`, `last_login`) VALUES
(2, 'ATzal1k4@mail.ru', 'atzal1k4', 'dfca5aafd6d22d03966f324eb8ecfafad870826f77866b610ce7cb9b2462b53a', 19, 1354920950);

-- --------------------------------------------------------

--
-- Структура таблицы `widgets`
--

CREATE TABLE IF NOT EXISTS `widgets` (
  `widget_id` int(10) unsigned NOT NULL AUTO_INCREMENT,
  `title` varchar(255) NOT NULL,
  `name` varchar(255) NOT NULL,
  `config_id` int(10) unsigned NOT NULL,
  PRIMARY KEY (`widget_id`)
) ENGINE=InnoDB  DEFAULT CHARSET=utf8 AUTO_INCREMENT=18 ;

--
-- Дамп данных таблицы `widgets`
--

INSERT INTO `widgets` (`widget_id`, `title`, `name`, `config_id`) VALUES
(12, 'Главное меню', 'MainMenu', 127),
(13, 'Поиск', 'Search', 132),
(14, 'Новости', 'News', 138),
(15, 'Баннер 468 на 60', 'Banner', 142),
(16, 'Авторизация/Регистрация через Ulogin', 'Ulogin', 143),
(17, 'Виджет свободного кода', 'ArbitraryCode', 154);

--
-- Ограничения внешнего ключа сохраненных таблиц
--

--
-- Ограничения внешнего ключа таблицы `roles_users`
--
ALTER TABLE `roles_users`
  ADD CONSTRAINT `roles_users_ibfk_1` FOREIGN KEY (`user_id`) REFERENCES `users` (`id`) ON DELETE CASCADE,
  ADD CONSTRAINT `roles_users_ibfk_2` FOREIGN KEY (`role_id`) REFERENCES `roles` (`id`) ON DELETE CASCADE;

--
-- Ограничения внешнего ключа таблицы `user_tokens`
--
ALTER TABLE `user_tokens`
  ADD CONSTRAINT `user_tokens_ibfk_1` FOREIGN KEY (`user_id`) REFERENCES `users` (`id`) ON DELETE CASCADE;

/*!40101 SET CHARACTER_SET_CLIENT=@OLD_CHARACTER_SET_CLIENT */;
/*!40101 SET CHARACTER_SET_RESULTS=@OLD_CHARACTER_SET_RESULTS */;
/*!40101 SET COLLATION_CONNECTION=@OLD_COLLATION_CONNECTION */;
